Workbook

Sheet Count Sheet
A1: Number | B1: Description | C1: Magazijn | D1: Winkel | E1: Total
A3: 0101 | B3: VD DRAAD 1.5 mm ZWART | C3: __________ | D3: __________ | E3: ___________
A4: 0102 | B4: VD DRAAD 2.5 mm BRUIN | C4: __________ | D4: __________ | E4: ___________
A5: 0103 | B5: VD DRAAD 2.5 mm BLAUW | C5: __________ | D5: __________ | E5: ___________
A6: 0104 | B6: VD DRAAD 2.5 mm GR/GL | C6: __________ | D6: __________ | E6: ___________
A7: 0106 | B7: VD DRAAD 2.5 mm GR/GL | C7: __________ | D7: __________ | E7: ___________
A8: 0107 | B8: VD DRAAD 4 mm GL/GR | C8: __________ | D8: __________ | E8: ___________
A9: 0108 | B9: VD DRAAD 6 mm ZWART | C9: __________ | D9: __________ | E9: ___________
A10: 0109 | B10: VD DRAAD 6 mm BLAUW | C10: __________ | D10: __________ | E10: ___________
A11: 0110 | B11: VD DRAAD 6 mm GR/GL | C11: __________ | D11: __________ | E11: ___________
A12: 0111 | B12: VD DRAAD 10 mm ZWART | C12: __________ | D12: __________ | E12: ___________
A13: 0112 | B13: VD DRAAD 10 mm BLAUW | C13: __________ | D13: __________ | E13: ___________
... A2218: 9725 | B2218: REST YMVKAS 4X95MM | C2218: __________ | D2218: __________ | E2218: ___________

Sheet PILOTO
B1: Deposito Nro
I2: Cajas import | J2: Total | K2: Observaciones
B3: Fecha | C3: Código | D3: Referencia | E3: Cajas | F3: Sueltos | G3: Cajas 0x0 | H3: Sueltos | J3: Unidades

Sheet Catalog
A1: code_item | B1: description_item | C1: current_inventory
A2: 0101 | B2: VD DRAAD 1.5 mm ZWART | C2: 0
A3: 0102 | B3: VD DRAAD 2.5 mm BRUIN | C3: 0
A4: 0103 | B4: VD DRAAD 2.5 mm BLAUW | C4: 0
A5: 0104 | B5: VD DRAAD 2.5 mm GR/GL | C5: 0
A6: 0106 | B6: VD DRAAD 2.5 mm GR/GL | C6: 0
A7: 0107 | B7: VD DRAAD 4 mm GL/GR | C7: 0
A8: 0108 | B8: VD DRAAD 6 mm ZWART | C8: 0
A9: 0109 | B9: VD DRAAD 6 mm BLAUW | C9: 0
A10: 0110 | B10: VD DRAAD 6 mm GR/GL | C10: 0
A11: 0111 | B11: VD DRAAD 10 mm ZWART | C11: 0
A12: 0112 | B12: VD DRAAD 10 mm BLAUW | C12: 0
A13: 0113 | B13: VD DRAAD 10 mm GR/GL | C13: 0
... A488: 0999 | B488: WCD AM INB D 220V R/A 815W | C488: 0
A489: 1000 | B489: SCHAK AM WIS DUB 276W | C489: 0
A490: 1001 | B490: 5 BTTN TIMER 127V PT18M-W | C490: 0
A491: 1002 | B491: SCHAK AM ENK POL 271W | C491: 0
A492: 1003 | B492: SCHAK AM 2POL CS215W | C492: 0
A493: 1004 | B493: SCHAK AM ENK INB 1301W | C493: 0
A494: 1005 | B494: SCHAK AM WIS INB 1303W | C494: 0
A495: 1006 | B495: SCHAK AM ENK DECO 7501W | C495: 0
A496: 1007 | B496: SCHAK AM WIS DECO 7503W | C496: 0
A497: 1008 | B497: SCHAK AM DUB DECO 7728W | C497: 0
A498: 1009 | B498: SCHAK AM TRI DECO 7729W | C498: 0
A499: 10090 | B499: SCHAK DUB WISSEL DECO 7731W | C499: 0
A500: 10091 | B500: SCHAK AM 2P DEC 20A 7622W | C500: 0
... A2217: 9725 | B2217: REST YMVKAS 4X95MM | C2217: 0

Sheet D1 (V)
B1: Deposito Nro 1
B2: B-4 | I2: Cajas import | J2: Total | K2: Observaciones
B3: Fecha | C3: Código | D3: Referencia | E3: Cajas | F3: Sueltos | G3: Cajas 0x0 | H3: Sueltos | J3: Unidades
B4: 26-01-2026 | C4: 4040 | D4: {=IFERROR(_xlfn.XLOOKUP(TEXT(C4,"0000"),TEXT(Catalog!A:A,"0000"),Catalog!B:B),"")} -> SINGLE POLE SWITCH 37011 OPB | E4: 2X100 | F4: 1
B5: 26-01-2026 | C5: 4042 | D5: {=IFERROR(_xlfn.XLOOKUP(TEXT(C5,"0000"),TEXT(Catalog!A:A,"0000"),Catalog!B:B),"")} -> TWO-WAY SWITCH 37071 OPB | E5: 24
B6: 26-01-2026 | C6: 4041 | D6: {=IFERROR(_xlfn.XLOOKUP(TEXT(C6,"0000"),TEXT(Catalog!A:A,"0000"),Catalog!B:B),"")} -> TWO CIRCUITS SWITCH 37061 OPB | E6: 31
B7: 26-01-2026 | C7: 4043 | D7: {=IFERROR(_xlfn.XLOOKUP(TEXT(C7,"0000"),TEXT(Catalog!A:A,"0000"),Catalog!B:B),"")} -> DOUBLE 2-WAY SWITCH 37101 OPB | E7: 15
B8: 26-01-2026 | C8: 4050 | D8: {=IFERROR(_xlfn.XLOOKUP(TEXT(C8,"0000"),TEXT(Catalog!A:A,"0000"),Catalog!B:B),"")} -> EARTH SOCKET 48131 OPB WD | E8: 3
B9: 26-01-2026 | C9: 4046 | D9: {=IFERROR(_xlfn.XLOOKUP(TEXT(C9,"0000"),TEXT(Catalog!A:A,"0000"),Catalog!B:B),"")} -> SINGLE POLE SWITCH 48011 OP WD | E9: 11
B10: 26-01-2026 | C10: 4049 | D10: {=IFERROR(_xlfn.XLOOKUP(TEXT(C10,"0000"),TEXT(Catalog!A:A,"0000"),Catalog!B:B),"")} -> TWO WAY SWITCH 48071 OPB WD | E10: 7
B11: 26-01-2026 | C11: 4047 | D11: {=IFERROR(_xlfn.XLOOKUP(TEXT(C11,"0000"),TEXT(Catalog!A:A,"0000"),Catalog!B:B),"")} -> TWO POLE SWITCH 48021 WD OPB | E11: 7
B12: 26-01-2026 | C12: 4048 | D12: {=IFERROR(_xlfn.XLOOKUP(TEXT(C12,"0000"),TEXT(Catalog!A:A,"0000"),Catalog!B:B),"")} -> 2 CIRCUITS SWITCH 48061 OPB WD | E12: 9
B13: 26-01-2026 | C13: 4024 | D13: {=IFERROR(_xlfn.XLOOKUP(TEXT(C13,"0000"),TEXT(Catalog!A:A,"0000"),Catalog!B:B),"")} -> COV PL SCHUK SOCKET IP44 70634 | E13: 12
B14: 26-01-2026 | C14: 4035 | D14: {=IFERROR(_xlfn.XLOOKUP(TEXT(C14,"0000"),TEXT(Catalog!A:A,"0000"),Catalog!B:B),"")} -> WATERPROOF FRAME IP 44 70961 | E14: 4
B16: C-3 | I16: Cajas import | J16: Total | K16: Observaciones
B17: Fecha | C17: Código | D17: Referencia | E17: Cajas | F17: Sueltos | G17: Cajas 0x0 | H17: Sueltos | J17: Unidades
B18: 26-01-2026 | C18: 4106 | D18: {=IFERROR(_xlfn.XLOOKUP(TEXT(C18,"0000"),TEXT(Catalog!A:A,"0000"),Catalog!B:B),"")} -> COVER PLATE - TELEPHONE 90712
B19: 26-01-2026 | C19: 4145 | D19: {=IFERROR(_xlfn.XLOOKUP(TEXT(C19,"0000"),TEXT(Catalog!A:A,"0000"),Catalog!B:B),"")} -> COV PLATE TELEPHONE 90712 TPM | E19: 10
B20: 26-01-2026 | C20: 4105 | D20: {=IFERROR(_xlfn.XLOOKUP(TEXT(C20,"0000"),TEXT(Catalog!A:A,"0000"),Catalog!B:B),"")} -> COVER PLATE SINGLE RJ45 90751
B21: 26-01-2026 | C21: 4144 | D21: {=IFERROR(_xlfn.XLOOKUP(TEXT(C21,"0000"),TEXT(Catalog!A:A,"0000"),Catalog!B:B),"")} -> COV PLATE SINGLE RJ45 90751TPM
B22: 26-01-2026 | C22: 90106 | D22: {=IFERROR(_xlfn.XLOOKUP(TEXT(C22,"0000"),TEXT(Catalog!A:A,"0000"),Catalog!B:B),"")} -> COV PLATE SINGL RJ45 90751TAL | E22: 4
B23: 26-01-2026 | C23: 4103 | D23: {=IFERROR(_xlfn.XLOOKUP(TEXT(C23,"0000"),TEXT(Catalog!A:A,"0000"),Catalog!B:B),"")} -> COVER PLATE PULL CORD 90741 | E23: 18
B24: 26-01-2026 | C24: 4112 | D24: {=IFERROR(_xlfn.XLOOKUP(TEXT(C24,"0000"),TEXT(Catalog!A:A,"0000"),Catalog!B:B),"")} -> DOUBLE HORIZONTAL FRAME 90920
B25: 26-01-2026 | C25: 4151 | D25: {=IFERROR(_xlfn.XLOOKUP(TEXT(C25,"0000"),TEXT(Catalog!A:A,"0000"),Catalog!B:B),"")} -> 2 X HORIZONTAL FRAME 90920 TPM
B26: 26-01-2026 | C26: 90101 | D26: {=IFERROR(_xlfn.XLOOKUP(TEXT(C26,"0000"),TEXT(Catalog!A:A,"0000"),Catalog!B:B),"")} -> DOUBLE FRAME ALU 90920TAA | E26: 41
B27: 26-01-2026 | C27: 4109 | D27: {=IFERROR(_xlfn.XLOOKUP(TEXT(C27,"0000"),TEXT(Catalog!A:A,"0000"),Catalog!B:B),"")} -> COVER PLATE SCHUKO SOCKET90634
B28: 26-01-2026 | C28: 4148 | D28: {=IFERROR(_xlfn.XLOOKUP(TEXT(C28,"0000"),TEXT(Catalog!A:A,"0000"),Catalog!B:B),"")} -> COV PLATE SOCKET IP44 90634TPM | E28: 2
B29: 26-01-2026 | C29: 4116 | D29: {=IFERROR(_xlfn.XLOOKUP(TEXT(C29,"0000"),TEXT(Catalog!A:A,"0000"),Catalog!B:B),"")} -> WATERPROOF FRAME IP 44 90961 | E29: 5
B30: 26-01-2026 | C30: 4119 | D30: {=IFERROR(_xlfn.XLOOKUP(TEXT(C30,"0000"),TEXT(Catalog!A:A,"0000"),Catalog!B:B),"")} -> SURFACE MOUNTINGBOX 10976 ABR | E30: 4
B31: 26-01-2026 | C31: 4118 | D31: {=IFERROR(_xlfn.XLOOKUP(TEXT(C31,"0000"),TEXT(Catalog!A:A,"0000"),Catalog!B:B),"")} -> COVER PLATE DBL USB CHA90673
B32: 26-01-2026 | C32: 4156 | D32: {=IFERROR(_xlfn.XLOOKUP(TEXT(C32,"0000"),TEXT(Catalog!A:A,"0000"),Catalog!B:B),"")} -> COV PLATE FOR USB 90673 TPM | E32: 24
B33: 26-01-2026 | C33: 8021 | D33: {=IFERROR(_xlfn.XLOOKUP(TEXT(C33,"0000"),TEXT(Catalog!A:A,"0000"),Catalog!B:B),"")} -> CMH100/TT/UVC/730/E40 SKU 7739 | E33: 3
B34: 26-01-2026 | C34: 15142 | D34: {=IFERROR(_xlfn.XLOOKUP(TEXT(C34,"0000"),TEXT(Catalog!A:A,"0000"),Catalog!B:B),"")} -> OPBOUW KAST WD CSG13PT/RR | E34: 6
B35: 26-01-2026 | C35: 3997 | D35: {=IFERROR(_xlfn.XLOOKUP(TEXT(C35,"0000"),TEXT(Catalog!A:A,"0000"),Catalog!B:B),"")} -> SPEED CONTROLLER 21219 | E35: 13
B37: C-4 | I37: Cajas import | J37: Total | K37: Observaciones
B38: Fecha | C38: Código | D38: Referencia | E38: Cajas | F38: Sueltos | G38: Cajas 0x0 | H38: Sueltos | J38: Unidades
B39: 26-01-2026 | C39: 4209 | D39: {=IFERROR(_xlfn.XLOOKUP(TEXT(C39,"0000"),TEXT(Catalog!A:A,"0000"),Catalog!B:B),"")} -> KABELGOOT 75X20MM 10140 CBR | E39: 6 | F39: 11
B40: 26-01-2026 | C40: 4212 | D40: {=IFERROR(_xlfn.XLOOKUP(TEXT(C40,"0000"),TEXT(Catalog!A:A,"0000"),Catalog!B:B),"")} -> KABELGOOT 90X50MM 10180 RBR | E40: 1
B41: 26-01-2026 | C41: 4213 | D41: {=IFERROR(_xlfn.XLOOKUP(TEXT(C41,"0000"),TEXT(Catalog!A:A,"0000"),Catalog!B:B),"")} -> KABELGOOT 180X50MM 10290 RBR | E41: 13
B42: 26-01-2026 | C42: 4260 | D42: {=IFERROR(_xlfn.XLOOKUP(TEXT(C42,"0000"),TEXT(Catalog!A:A,"0000"),Catalog!B:B),"")} -> VERLENG 110X50MM 10094 RBR | F42: 13
B43: 26-01-2026 | C43: 1496 | D43: {=IFERROR(_xlfn.XLOOKUP(TEXT(C43,"0000"),TEXT(Catalog!A:A,"0000"),Catalog!B:B),"")} -> OPBOUW KAST 2 MOD 610090
B44: 26-01-2026 | C44: 4211 | D44: {=IFERROR(_xlfn.XLOOKUP(TEXT(C44,"0000"),TEXT(Catalog!A:A,"0000"),Catalog!B:B),"")} -> KABELGOOT 110X50MM 10090RBR | E44: 2
B45: 26-01-2026 | C45: 4210 | D45: {=IFERROR(_xlfn.XLOOKUP(TEXT(C45,"0000"),TEXT(Catalog!A:A,"0000"),Catalog!B:B),"")} -> KABELGOOT 110X34MM 10080 RBR | E45: 5
B46: 26-01-2026 | C46: 4201 | D46: {=IFERROR(_xlfn.XLOOKUP(TEXT(C46,"0000"),TEXT(Catalog!A:A,"0000"),Catalog!B:B),"")} -> KABELGOOT 16X10MM 10020 FBR | E46: 1 | F46: 56
B47: 26-01-2026 | C47: 4207 | D47: {=IFERROR(_xlfn.XLOOKUP(TEXT(C47,"0000"),TEXT(Catalog!A:A,"0000"),Catalog!B:B),"")} -> KABELGOOT 50X20MM 10500 CBR | E47: 2 | F47: 6
B48: 26-01-2026 | C48: 0288 | D48: {=IFERROR(_xlfn.XLOOKUP(TEXT(C48,"0000"),TEXT(Catalog!A:A,"0000"),Catalog!B:B),"")} -> KABELGOOT 70x40 mm | E48: 5 | F48: 4
B49: 26-01-2026 | C49: 0291 | D49: {=IFERROR(_xlfn.XLOOKUP(TEXT(C49,"0000"),TEXT(Catalog!A:A,"0000"),Catalog!B:B),"")} -> KABELGOOT DEKSEL70x40 mm | E49: 5 | F49: 4
B50: 26-01-2026 | C50: 0289 | D50: {=IFERROR(_xlfn.XLOOKUP(TEXT(C50,"0000"),TEXT(Catalog!A:A,"0000"),Catalog!B:B),"")} -> KABELGOOT 70x60 mm | E50: 7
B51: 26-01-2026 | C51: 0292 | D51: {=IFERROR(_xlfn.XLOOKUP(TEXT(C51,"0000"),TEXT(Catalog!A:A,"0000"),Catalog!B:B),"")} -> KABELGOOT DEKSEL 70x60 mm | E51: 6 | F51: 10
B52: 26-01-2026 | C52: 0278 | D52: {=IFERROR(_xlfn.XLOOKUP(TEXT(C52,"0000"),TEXT(Catalog!A:A,"0000"),Catalog!B:B),"")} -> KABELGOOT 100x40 mm | F52: 4
B53: 26-01-2026 | C53: 0290 | D53: {=IFERROR(_xlfn.XLOOKUP(TEXT(C53,"0000"),TEXT(Catalog!A:A,"0000"),Catalog!B:B),"")} -> KABELGOOT 100x60 mm | E53: 2 | F53: 1
B54: 26-01-2026 | C54: 0293 | D54: {=IFERROR(_xlfn.XLOOKUP(TEXT(C54,"0000"),TEXT(Catalog!A:A,"0000"),Catalog!B:B),"")} -> KABELGOOT DEKSEL 100x60 mm | E54: 5+8 | F54: 3
B55: 26-01-2026 | C55: 4200 | D55: {=IFERROR(_xlfn.XLOOKUP(TEXT(C55,"0000"),TEXT(Catalog!A:A,"0000"),Catalog!B:B),"")} -> KABELGOOT 12x7MM 10010 FBR | E55: 3
B56: 26-01-2026 | C56: 0285 | D56: {=IFERROR(_xlfn.XLOOKUP(TEXT(C56,"0000"),TEXT(Catalog!A:A,"0000"),Catalog!B:B),"")} -> KABELGOOT 10x8 mm | F56: 113
B57: 26-01-2026 | C57: 0284 | D57: {=IFERROR(_xlfn.XLOOKUP(TEXT(C57,"0000"),TEXT(Catalog!A:A,"0000"),Catalog!B:B),"")} -> KABELGOOT 60x40 mm | F57: 1
B58: 26-01-2026 | C58: 4201 | D58: {=IFERROR(_xlfn.XLOOKUP(TEXT(C58,"0000"),TEXT(Catalog!A:A,"0000"),Catalog!B:B),"")} -> KABELGOOT 16X10MM 10020 FBR | E58: 2 | F58: 38
B59: 26-01-2026 | C59: 0201 | D59: {=IFERROR(_xlfn.XLOOKUP(TEXT(C59,"0000"),TEXT(Catalog!A:A,"0000"),Catalog!B:B),"")} -> KABEL YMvK 3G2.5mm rol/100mtr | E59: 11
B61: A-1 | I61: Cajas import | J61: Total | K61: Observaciones
B62: Fecha | C62: Código | D62: Referencia | E62: Cajas | F62: Sueltos | G62: Cajas 0x0 | H62: Sueltos | J62: Unidades
B63: 26-01-2026 | C63: 3319 | D63: {=IFERROR(_xlfn.XLOOKUP(TEXT(C63,"0000"),TEXT(Catalog!A:A,"0000"),Catalog!B:B),"")} -> PICKENS RFTL 100W 6500K UFO | E63: 16 | F63: 3
B64: 26-01-2026 | C64: 0201 | D64: {=IFERROR(_xlfn.XLOOKUP(TEXT(C64,"0000"),TEXT(Catalog!A:A,"0000"),Catalog!B:B),"")} -> KABEL YMvK 3G2.5mm rol/100mtr
D65: 3 CAJAS SIN ABRIR NUEVAS
B67: B-5 | I67: Cajas import | J67: Total | K67: Observaciones
B68: Fecha | C68: Código | D68: Referencia | E68: Cajas | F68: Sueltos | G68: Cajas 0x0 | H68: Sueltos | J68: Unidades
B69: 23-01-2026 | C69: 4001 | D69: {=IFERROR(_xlfn.XLOOKUP(TEXT(C69,"0000"),TEXT(Catalog!A:A,"0000"),Catalog!B:B),"")} -> TWO POLE SWITCH 21021 | E69: 32
B70: 23-01-2026 | C70: 4000 | D70: {=IFERROR(_xlfn.XLOOKUP(TEXT(C70,"0000"),TEXT(Catalog!A:A,"0000"),Catalog!B:B),"")} -> SINGEL POLE SWITCH 21011 | E70: 18
B71: 23-01-2026 | C71: 4002 | D71: {=IFERROR(_xlfn.XLOOKUP(TEXT(C71,"0000"),TEXT(Catalog!A:A,"0000"),Catalog!B:B),"")} -> TWO CIRCUITS SWITCH 21061 | E71: 17
B72: 23-01-2026 | C72: 4250 | D72: {=IFERROR(_xlfn.XLOOKUP(TEXT(C72,"0000"),TEXT(Catalog!A:A,"0000"),Catalog!B:B),"")} -> VLAKHOEK 180X50MM 10293 RBR | E72: 2
B73: 23-01-2026 | C73: 4017 | D73: {=IFERROR(_xlfn.XLOOKUP(TEXT(C73,"0000"),TEXT(Catalog!A:A,"0000"),Catalog!B:B),"")} -> ROCKER FOR SWITCHES 70601 | E73: 8X100
B74: 23-01-2026 | C74: 4018 | D74: {=IFERROR(_xlfn.XLOOKUP(TEXT(C74,"0000"),TEXT(Catalog!A:A,"0000"),Catalog!B:B),"")} -> DOUBLE ROCKERS 70611 | E74: 2X100
B75: 23-01-2026 | C75: 4003 | D75: {=IFERROR(_xlfn.XLOOKUP(TEXT(C75,"0000"),TEXT(Catalog!A:A,"0000"),Catalog!B:B),"")} -> THREE CIRCUITS SWITCH 21088 | E75: 5
B76: 23-01-2026 | C76: 4019 | D76: {=IFERROR(_xlfn.XLOOKUP(TEXT(C76,"0000"),TEXT(Catalog!A:A,"0000"),Catalog!B:B),"")} -> TRIPLE ROCKERS 70661 | E76: 16
B77: 23-01-2026 | C77: 4005 | D77: {=IFERROR(_xlfn.XLOOKUP(TEXT(C77,"0000"),TEXT(Catalog!A:A,"0000"),Catalog!B:B),"")} -> DOUBLE TWO WAY SWITCH 21101 | E77: 11
B78: 23-01-2026 | D78: 21384 | E78: 2 | K78: NO APARECE
B79: 23-01-2026 | C79: 4058 | D79: {=IFERROR(_xlfn.XLOOKUP(TEXT(C79,"0000"),TEXT(Catalog!A:A,"0000"),Catalog!B:B),"")} -> COVER PLATE DBL USB CHAR 70673 | E79: 20
B80: 23-01-2026 | C80: 3998 | D80: {=IFERROR(_xlfn.XLOOKUP(TEXT(C80,"0000"),TEXT(Catalog!A:A,"0000"),Catalog!B:B),"")} -> ELECTRONIC DIMMER 150W 21215-1 | E80: 5
B81: 23-01-2026 | C81: 4013 | D81: {=IFERROR(_xlfn.XLOOKUP(TEXT(C81,"0000"),TEXT(Catalog!A:A,"0000"),Catalog!B:B),"")} -> RJ 45 CAT6 UTP CONNECTOR 21978 | E81: 1 | F81: 2
B82: 23-01-2026 | C82: 4037 | D82: {=IFERROR(_xlfn.XLOOKUP(TEXT(C82,"0000"),TEXT(Catalog!A:A,"0000"),Catalog!B:B),"")} -> COVER PLATE MOTION 70401 TBR | E82: 22
B83: 23-01-2026 | C83: 4030 | D83: {=IFERROR(_xlfn.XLOOKUP(TEXT(C83,"0000"),TEXT(Catalog!A:A,"0000"),Catalog!B:B),"")} -> SURFACE MOUNTING BOX 10975 | E83: 8
D84: 4 JABON ANTIBACTERIAL
D85: 1 CAJA DE PAPEL DE BAÑO
B89: B-8 | I89: Cajas import | J89: Total | K89: Observaciones
B90: Fecha | C90: Código | D90: Referencia | E90: Cajas | F90: Sueltos | G90: Cajas 0x0 | H90: Sueltos | J90: Unidades
B91: 23-01-2026 | C91: 4023 | D91: {=IFERROR(_xlfn.XLOOKUP(TEXT(C91,"0000"),TEXT(Catalog!A:A,"0000"),Catalog!B:B),"")} -> COV PL EARTH SOCK USA 70843 | E91: 25
B92: 23-01-2026 | C92: 4028 | D92: {=IFERROR(_xlfn.XLOOKUP(TEXT(C92,"0000"),TEXT(Catalog!A:A,"0000"),Catalog!B:B),"")} -> BLIND COVER PLATE 70677 | E92: 40
B93: 23-01-2026 | C93: 4009 | D93: {=IFERROR(_xlfn.XLOOKUP(TEXT(C93,"0000"),TEXT(Catalog!A:A,"0000"),Catalog!B:B),"")} -> EARTH SOCKET ( USA TYPE) 21143 | E93: 12
B94: 23-01-2026 | E94: 1 | K94: 21212 TIENE MISMO CODIGP 21217
B95: 23-01-2026 | C95: 4007 | D95: {=IFERROR(_xlfn.XLOOKUP(TEXT(C95,"0000"),TEXT(Catalog!A:A,"0000"),Catalog!B:B),"")} -> DIMMER/ 2 WAY 320 WRC 21217 | E95: 13 | J95: 17 | K95: 21217
B96: 23-01-2026 | C96: 4021 | D96: {=IFERROR(_xlfn.XLOOKUP(TEXT(C96,"0000"),TEXT(Catalog!A:A,"0000"),Catalog!B:B),"")} -> COVER PLATE DIMMER 70721 | E96: 19
B97: 23-01-2026 | C97: 4020 | D97: {=IFERROR(_xlfn.XLOOKUP(TEXT(C97,"0000"),TEXT(Catalog!A:A,"0000"),Catalog!B:B),"")} -> COV PLATE PULL CORD 70741 | E97: 11
B98: 23-01-2026 | C98: 4012 | D98: {=IFERROR(_xlfn.XLOOKUP(TEXT(C98,"0000"),TEXT(Catalog!A:A,"0000"),Catalog!B:B),"")} -> RJ 45 CAT 5 E UTP SOCKET 21453 | E98: 10
B99: 23-01-2026 | C99: 4011 | D99: {=IFERROR(_xlfn.XLOOKUP(TEXT(C99,"0000"),TEXT(Catalog!A:A,"0000"),Catalog!B:B),"")} -> RJ 45 CAT 6 UTP SOCKET 21455 | E99: 5
B100: 23-01-2026 | C100: 4025 | D100: {=IFERROR(_xlfn.XLOOKUP(TEXT(C100,"0000"),TEXT(Catalog!A:A,"0000"),Catalog!B:B),"")} -> COVER PLATE SINGLE RJ45 70751 | E100: 6
B101: 23-01-2026 | C101: 4015 | D101: {=IFERROR(_xlfn.XLOOKUP(TEXT(C101,"0000"),TEXT(Catalog!A:A,"0000"),Catalog!B:B),"")} -> TELEPHONE SOCKET 21252 | E101: 10
B102: 23-01-2026 | C102: 4027 | D102: {=IFERROR(_xlfn.XLOOKUP(TEXT(C102,"0000"),TEXT(Catalog!A:A,"0000"),Catalog!B:B),"")} -> COVER PLATE TELEPHONE 70712 | E102: 4
B103: 23-01-2026 | C103: 4026 | D103: {=IFERROR(_xlfn.XLOOKUP(TEXT(C103,"0000"),TEXT(Catalog!A:A,"0000"),Catalog!B:B),"")} -> COVER RING WITH DOUBLE 70442 | E103: 65
B104: 23-01-2026 | C104: 4031 | D104: {=IFERROR(_xlfn.XLOOKUP(TEXT(C104,"0000"),TEXT(Catalog!A:A,"0000"),Catalog!B:B),"")} -> SINGLE FRAME 70910 | E104: 2X100
B105: 23-01-2026 | C105: 4032 | D105: {=IFERROR(_xlfn.XLOOKUP(TEXT(C105,"0000"),TEXT(Catalog!A:A,"0000"),Catalog!B:B),"")} -> DOUBLE HORIZONTAL FRAME 70921 | E105: 13
B106: 23-01-2026 | C106: 4033 | D106: {=IFERROR(_xlfn.XLOOKUP(TEXT(C106,"0000"),TEXT(Catalog!A:A,"0000"),Catalog!B:B),"")} -> TRIPLE HORIZONTAL FRAME 70931 | E106: 36
B107: 23-01-2026 | C107: 4034 | D107: {=IFERROR(_xlfn.XLOOKUP(TEXT(C107,"0000"),TEXT(Catalog!A:A,"0000"),Catalog!B:B),"")} -> 4- GANG HORIZONTAL FRAME 70941 | E107: =38+38+3 -> 79
...

Sheet D2 (V)
B1: Deposito Nro 2
B2: A-1 | I2: Cajas import | J2: Total | K2: Observaciones
B3: Fecha | C3: Código | D3: Referencia | E3: Cajas | F3: Sueltos | G3: Cajas 0x0 | H3: Sueltos | J3: Unidades
B4: 27-01-26 | C4: 1611 | D4: {=IFERROR(_xlfn.XLOOKUP(TEXT(C4,"0000"),TEXT(Catalog!A:A,"0000"),Catalog!B:B),"")} -> OPB.KAST OLINTHOS 2RIJ 24 PE | E4: 22
B5: 27-01-26 | C5: 1612 | D5: {=IFERROR(_xlfn.XLOOKUP(TEXT(C5,"0000"),TEXT(Catalog!A:A,"0000"),Catalog!B:B),"")} -> OPB.KAST OLINTHOS 3RIJ 36 PE | E5: 2
B6: 27-01-26 | C6: 1506 | D6: {=IFERROR(_xlfn.XLOOKUP(TEXT(C6,"0000"),TEXT(Catalog!A:A,"0000"),Catalog!B:B),"")} -> OPBOUWKAST 2-RIJ 36PE 610285 | E6: 1 | K6: Producto sin codigo por antiguo, este codigo mas nuevo aprox.
B7: 27-01-26 | C7: 1511 | D7: {=IFERROR(_xlfn.XLOOKUP(TEXT(C7,"0000"),TEXT(Catalog!A:A,"0000"),Catalog!B:B),"")} -> INBOUWKAST 2-RIJ 28MOD 610373 | E7: 8
B8: 27-01-26 | C8: 7196 | D8: {=IFERROR(_xlfn.XLOOKUP(TEXT(C8,"0000"),TEXT(Catalog!A:A,"0000"),Catalog!B:B),"")} -> INB.KAST MP56 METALBOX NG | E8: 4
B9: 27-01-26 | C9: 7195 | D9: {=IFERROR(_xlfn.XLOOKUP(TEXT(C9,"0000"),TEXT(Catalog!A:A,"0000"),Catalog!B:B),"")} -> INB.KAST MP42 METALBOX NG | E9: 7
B10: 27-01-26 | C10: 7193 | D10: {=IFERROR(_xlfn.XLOOKUP(TEXT(C10,"0000"),TEXT(Catalog!A:A,"0000"),Catalog!B:B),"")} -> INB.KAST MP14 METALBOX NG | E10: 8
B13: A-2 | I13: Cajas import | J13: Total | K13: Observaciones
B14: Fecha | C14: Código | D14: Referencia | E14: Cajas | F14: Sueltos | G14: Cajas 0x0 | H14: Sueltos | J14: Unidades
B15: 27-01-26 | C15: 7144 | D15: {=IFERROR(_xlfn.XLOOKUP(TEXT(C15,"0000"),TEXT(Catalog!A:A,"0000"),Catalog!B:B),"")} -> OPB.KAST WD 6MD R1306BR1 | E15: 8
B16: 27-01-26 | C16: 7148 | D16: {=IFERROR(_xlfn.XLOOKUP(TEXT(C16,"0000"),TEXT(Catalog!A:A,"0000"),Catalog!B:B),"")} -> OPB.KAST WD 8MD 1308BR1 | E16: 6
B17: 27-01-26 | C17: 7168 | D17: {=IFERROR(_xlfn.XLOOKUP(TEXT(C17,"0000"),TEXT(Catalog!A:A,"0000"),Catalog!B:B),"")} -> OPB.KAST WD 36MD 1336PR1 | E17: 2
B18: 27-01-26 | C18: 7194 | D18: {=IFERROR(_xlfn.XLOOKUP(TEXT(C18,"0000"),TEXT(Catalog!A:A,"0000"),Catalog!B:B),"")} -> INB.KAST MP28 METALBOX NG | E18: 12
B21: A-3 | I21: Cajas import | J21: Total | K21: Observaciones
B22: Fecha | C22: Código | D22: Referencia | E22: Cajas | F22: Sueltos | G22: Cajas 0x0 | H22: Sueltos | J22: Unidades
B23: 27-01-26 | C23: 1507 | D23: {=IFERROR(_xlfn.XLOOKUP(TEXT(C23,"0000"),TEXT(Catalog!A:A,"0000"),Catalog!B:B),"")} -> OPBOUWKAST4-RIJ VA 424 T 48PE | E23: 2
B24: 27-01-26 | C24: 1665 | D24: {=IFERROR(_xlfn.XLOOKUP(TEXT(C24,"0000"),TEXT(Catalog!A:A,"0000"),Catalog!B:B),"")} -> MOELLER INB BF-U-5/120 | E24: 2
B25: 27-01-26 | C25: 7151 | D25: {=IFERROR(_xlfn.XLOOKUP(TEXT(C25,"0000"),TEXT(Catalog!A:A,"0000"),Catalog!B:B),"")} -> OPB.KAST 28MD 5281R1 | E25: 31
B26: 27-01-26 | C26: 1657 | D26: {=IFERROR(_xlfn.XLOOKUP(TEXT(C26,"0000"),TEXT(Catalog!A:A,"0000"),Catalog!B:B),"")} -> MOELLER OPB BF-0-5/120 | E26: 1
B27: 27-01-26 | D27: Cajas de sueltos | K27: Foto
B30: A-4 | I30: Cajas import | J30: Total | K30: Observaciones
B31: Fecha | C31: Código | D31: Referencia | E31: Cajas | F31: Sueltos | G31: Cajas 0x0 | H31: Sueltos | J31: Unidades
B32: 27-01-26 | C32: 1664 | D32: {=IFERROR(_xlfn.XLOOKUP(TEXT(C32,"0000"),TEXT(Catalog!A:A,"0000"),Catalog!B:B),"")} -> MOELLER INB BF-U-4/96 | E32: 7
B33: 27-01-26 | C33: 7147 | D33: {=IFERROR(_xlfn.XLOOKUP(TEXT(C33,"0000"),TEXT(Catalog!A:A,"0000"),Catalog!B:B),"")} -> OPB.KAST WD 48MD 1348R1 | E33: 6
B34: 27-01-26 | C34: 7184 | D34: {=IFERROR(_xlfn.XLOOKUP(TEXT(C34,"0000"),TEXT(Catalog!A:A,"0000"),Catalog!B:B),"")} -> INB.KAST MP14 METALBOX | E34: 2
B35: 27-01-26 | C35: 7193 | D35: {=IFERROR(_xlfn.XLOOKUP(TEXT(C35,"0000"),TEXT(Catalog!A:A,"0000"),Catalog!B:B),"")} -> INB.KAST MP14 METALBOX NG | E35: 22
B38: A-5 | I38: Cajas import | J38: Total | K38: Observaciones
B39: Fecha | C39: Código | D39: Referencia | E39: Cajas | F39: Sueltos | G39: Cajas 0x0 | H39: Sueltos | J39: Unidades
B40: 27-01-26 | C40: 1985 | D40: {=IFERROR(_xlfn.XLOOKUP(TEXT(C40,"0000"),TEXT(Catalog!A:A,"0000"),Catalog!B:B),"")} -> MESPATROON HOUDER 160 A-NH-00 | E40: 36
B41: 27-01-26 | C41: 1988 | D41: {=IFERROR(_xlfn.XLOOKUP(TEXT(C41,"0000"),TEXT(Catalog!A:A,"0000"),Catalog!B:B),"")} -> MESPATROON HOUDER 400 A-NH-2 | E41: 22
B42: 27-01-26 | C42: 1987 | D42: {=IFERROR(_xlfn.XLOOKUP(TEXT(C42,"0000"),TEXT(Catalog!A:A,"0000"),Catalog!B:B),"")} -> MESPATROON HOUDER 250 A-NH-1 | E42: 1
B43: 27-01-26 | C43: 1659 | D43: {=IFERROR(_xlfn.XLOOKUP(TEXT(C43,"0000"),TEXT(Catalog!A:A,"0000"),Catalog!B:B),"")} -> MOELLER OPB BF-0-3/72 | E43: 7
B46: A-6 | I46: Cajas import | J46: Total | K46: Observaciones
B47: Fecha | C47: Código | D47: Referencia | E47: Cajas | F47: Sueltos | G47: Cajas 0x0 | H47: Sueltos | J47: Unidades
B48: 27-01-26 | C48: 7191 | D48: {=IFERROR(_xlfn.XLOOKUP(TEXT(C48,"0000"),TEXT(Catalog!A:A,"0000"),Catalog!B:B),"")} -> EARTH TERMINAL GREEN | F48: 53
B49: 27-01-26 | C49: 1658 | D49: {=IFERROR(_xlfn.XLOOKUP(TEXT(C49,"0000"),TEXT(Catalog!A:A,"0000"),Catalog!B:B),"")} -> MOELLER OPB BF-0-6/144 | E49: 3
B50: 27-01-26 | C50: 1666 | D50: {=IFERROR(_xlfn.XLOOKUP(TEXT(C50,"0000"),TEXT(Catalog!A:A,"0000"),Catalog!B:B),"")} -> MOELLER INB BF-U-6/144 | E50: 5
B51: 27-01-26 | C51: 7186 | D51: {=IFERROR(_xlfn.XLOOKUP(TEXT(C51,"0000"),TEXT(Catalog!A:A,"0000"),Catalog!B:B),"")} -> INB.KAST MP42 METALBOX
B52: 27-01-26 | C52: 7195 | D52: {=IFERROR(_xlfn.XLOOKUP(TEXT(C52,"0000"),TEXT(Catalog!A:A,"0000"),Catalog!B:B),"")} -> INB.KAST MP42 METALBOX NG | E52: 11
B53: 27-01-26 | C53: 1657 | D53: {=IFERROR(_xlfn.XLOOKUP(TEXT(C53,"0000"),TEXT(Catalog!A:A,"0000"),Catalog!B:B),"")} -> MOELLER OPB BF-0-5/120 | E53: 1
B55: D-1 | I55: Cajas import | J55: Total | K55: Observaciones
B56: Fecha | C56: Código | D56: Referencia | E56: Cajas | F56: Sueltos | G56: Cajas 0x0 | H56: Sueltos | J56: Unidades
B57: 27-01-26 | C57: 7167 | D57: {=IFERROR(_xlfn.XLOOKUP(TEXT(C57,"0000"),TEXT(Catalog!A:A,"0000"),Catalog!B:B),"")} -> OPB.KAST 12MD 8703R1 | E57: 44
B58: 27-01-26 | C58: 7153 | D58: {=IFERROR(_xlfn.XLOOKUP(TEXT(C58,"0000"),TEXT(Catalog!A:A,"0000"),Catalog!B:B),"")} -> OPB.KAST 56MD 5271R1 | E58: 13
B59: 27-01-26 | C59: 7169 | D59: {=IFERROR(_xlfn.XLOOKUP(TEXT(C59,"0000"),TEXT(Catalog!A:A,"0000"),Catalog!B:B),"")} -> OPB.KAST WD 11MD BW 1311AR1 | E59: 1
B62: D-2 | I62: Cajas import | J62: Total | K62: Observaciones
B63: Fecha | C63: Código | D63: Referencia | E63: Cajas | F63: Sueltos | G63: Cajas 0x0 | H63: Sueltos | J63: Unidades
B64: 27-01-26 | C64: 1664 | D64: {=IFERROR(_xlfn.XLOOKUP(TEXT(C64,"0000"),TEXT(Catalog!A:A,"0000"),Catalog!B:B),"")} -> MOELLER INB BF-U-4/96 | E64: 2
B65: 27-01-26 | C65: 7146 | D65: {=IFERROR(_xlfn.XLOOKUP(TEXT(C65,"0000"),TEXT(Catalog!A:A,"0000"),Catalog!B:B),"")} -> OPB.KAST WD 8MD 1308PR1 BW | E65: 10
B66: 27-01-26 | C66: 7152 | D66: {=IFERROR(_xlfn.XLOOKUP(TEXT(C66,"0000"),TEXT(Catalog!A:A,"0000"),Catalog!B:B),"")} -> OPB.KAST 42MD 5261R1 | E66: 15
B69: D-3 | I69: Cajas import | J69: Total | K69: Observaciones
B70: Fecha | C70: Código | D70: Referencia | E70: Cajas | F70: Sueltos | G70: Cajas 0x0 | H70: Sueltos | J70: Unidades
B71: 27-01-26 | C71: 1661 | D71: {=IFERROR(_xlfn.XLOOKUP(TEXT(C71,"0000"),TEXT(Catalog!A:A,"0000"),Catalog!B:B),"")} -> MOELLER INB BF-U-5/165 | E71: 2
B72: 27-01-26 | C72: 1657 | D72: {=IFERROR(_xlfn.XLOOKUP(TEXT(C72,"0000"),TEXT(Catalog!A:A,"0000"),Catalog!B:B),"")} -> MOELLER OPB BF-0-5/120 | E72: 1
B73: 27-01-26 | C73: 7145 | D73: {=IFERROR(_xlfn.XLOOKUP(TEXT(C73,"0000"),TEXT(Catalog!A:A,"0000"),Catalog!B:B),"")} -> BW.KAST WD 32MD 1332PR1 | E73: 9
B74: 27-01-26 | C74: 7141 | D74: {=IFERROR(_xlfn.XLOOKUP(TEXT(C74,"0000"),TEXT(Catalog!A:A,"0000"),Catalog!B:B),"")} -> BW.KAST WD 16MD 1316P-R1 | E74: 6
D75: 1 CAJA DE SUELTOS DAÑADOS | K75: Foto
D76: 1CAJA DE SUELTOS DAÑADOS | K76: Foto
B79: D-4 | I79: Cajas import | J79: Total | K79: Observaciones
B80: Fecha | C80: Código | D80: Referencia | E80: Cajas | F80: Sueltos | G80: Cajas 0x0 | H80: Sueltos | J80: Unidades
B81: 27-01-26 | C81: 7150 | D81: {=IFERROR(_xlfn.XLOOKUP(TEXT(C81,"0000"),TEXT(Catalog!A:A,"0000"),Catalog!B:B),"")} -> OPB.KAST 14MD 5021R1 | E81: 45
B82: 27-01-26 | C82: 7149 | D82: {=IFERROR(_xlfn.XLOOKUP(TEXT(C82,"0000"),TEXT(Catalog!A:A,"0000"),Catalog!B:B),"")} -> OPB.KAST 8MD 5109R1 | E82: 17
B83: 27-01-26 | C83: 1656 | D83: {=IFERROR(_xlfn.XLOOKUP(TEXT(C83,"0000"),TEXT(Catalog!A:A,"0000"),Catalog!B:B),"")} -> MOELLER OPB BF-0-4/96 | E83: 8
B86: D-5 | I86: Cajas import | J86: Total | K86: Observaciones
B87: Fecha | C87: Código | D87: Referencia | E87: Cajas | F87: Sueltos | G87: Cajas 0x0 | H87: Sueltos | J87: Unidades
B88: 27-01-26 | C88: 3314 | D88: {=IFERROR(_xlfn.XLOOKUP(TEXT(C88,"0000"),TEXT(Catalog!A:A,"0000"),Catalog!B:B),"")} -> PICKENS RFTN 150W 7000K FLAT | E88: 3
B89: 27-01-26 | C89: 1993 | D89: {=IFERROR(_xlfn.XLOOKUP(TEXT(C89,"0000"),TEXT(Catalog!A:A,"0000"),Catalog!B:B),"")} -> SCHAKELKAST MESPATROON 630A | E89: 6
B90: 27-01-26 | C90: 1992 | D90: {=IFERROR(_xlfn.XLOOKUP(TEXT(C90,"0000"),TEXT(Catalog!A:A,"0000"),Catalog!B:B),"")} -> SCHAKELKAST MESPATROON 400A | E90: 5
B91: 27-01-26 | D91: Caja de sueltos | F91: 49
B92: 27-01-26 | D92: Caja de sueltos | F92: 30
B95: D-6 | I95: Cajas import | J95: Total | K95: Observaciones
B96: Fecha | C96: Código | D96: Referencia | E96: Cajas | F96: Sueltos | G96: Cajas 0x0 | H96: Sueltos | J96: Unidades
B97: 27-01-26 | C97: 7157 | D97: {=IFERROR(_xlfn.XLOOKUP(TEXT(C97,"0000"),TEXT(Catalog!A:A,"0000"),Catalog!B:B),"")} -> INB.KAST 48/56MD 5270R1 | E97: 12
B98: 27-01-26 | C98: 1991 | D98: {=IFERROR(_xlfn.XLOOKUP(TEXT(C98,"0000"),TEXT(Catalog!A:A,"0000"),Catalog!B:B),"")} -> SCHAKELKAST MESPATROON 250A | E98: 4
B99: 28-01-26 | C99: 3494 | D99: {=IFERROR(_xlfn.XLOOKUP(TEXT(C99,"0000"),TEXT(Catalog!A:A,"0000"),Catalog!B:B),"")} -> ETI 3901518 GR VS 16 YELLO/GR | F99: 32
B100: 28-01-26 | C100: 3492 | D100: {=IFERROR(_xlfn.XLOOKUP(TEXT(C100,"0000"),TEXT(Catalog!A:A,"0000"),Catalog!B:B),"")} -> ETI3901360 LIN UP VSV4 FUSE | E100: 8x50
A101: falto? | B101: 28-01-26 | C101: 3500 | D101: {=IFERROR(_xlfn.XLOOKUP(TEXT(C101,"0000"),TEXT(Catalog!A:A,"0000"),Catalog!B:B),"")} -> ETI 3901068 TERMINAL VS 6 IVOR
B102: 28-01-26 | C102: 3498 | D102: {=IFERROR(_xlfn.XLOOKUP(TEXT(C102,"0000"),TEXT(Catalog!A:A,"0000"),Catalog!B:B),"")} -> ETI 3901037 TERMINAL VS 4MM | E102: 1x100 | F102: 80
B103: 28-01-26 | C103: 3504 | D103: {=IFERROR(_xlfn.XLOOKUP(TEXT(C103,"0000"),TEXT(Catalog!A:A,"0000"),Catalog!B:B),"")} -> ETI 3901188 TERMINAL VS 70 IVO | E103: 60 | F103: 7
B104: 28-01-26 | C104: 3487 | D104: {=IFERROR(_xlfn.XLOOKUP(TEXT(C104,"0000"),TEXT(Catalog!A:A,"0000"),Catalog!B:B),"")} -> ETI 3901375 EINDPLAAT VSV4 | E104: 2x50 | F104: 47
B105: 28-01-26 | C105: 3505 | D105: {=IFERROR(_xlfn.XLOOKUP(TEXT(C105,"0000"),TEXT(Catalog!A:A,"0000"),Catalog!B:B),"")} -> ETI 3901189 TERMINAL VS70 BLUE | E105: 3x20
B106: 28-01-26 | C106: 3508 | D106: {=IFERROR(_xlfn.XLOOKUP(TEXT(C106,"0000"),TEXT(Catalog!A:A,"0000"),Catalog!B:B),"")} -> ETI 3901157 TERMINAL VS35 IVOR | E106: 3x20
B107: 28-01-26 | C107: 3493 | D107: {=IFERROR(_xlfn.XLOOKUP(TEXT(C107,"0000"),TEXT(Catalog!A:A,"0000"),Catalog!B:B),"")} -> ETI 3901539 GR VS 35 YELLO/GR | E107: 1x20 | F107: 17
B108: 28-01-26 | C108: 3504 | D108: {=IFERROR(_xlfn.XLOOKUP(TEXT(C108,"0000"),TEXT(Catalog!A:A,"0000"),Catalog!B:B),"")} -> ETI 3901188 TERMINAL VS 70 IVO | E108: 1x20
B109: 28-01-26 | C109: 3502 | D109: {=IFERROR(_xlfn.XLOOKUP(TEXT(C109,"0000"),TEXT(Catalog!A:A,"0000"),Catalog!B:B),"")} -> ETI 3901129 TERMINAL VS 16 IVO | E109: 1x50
B110: 28-01-26 | C110: 3503 | D110: {=IFERROR(_xlfn.XLOOKUP(TEXT(C110,"0000"),TEXT(Catalog!A:A,"0000"),Catalog!B:B),"")} -> ETI 3901130 TERMINAL VS16 BLUE | F110: 43
B111: 28-01-26 | C111: 3506 | D111: {=IFERROR(_xlfn.XLOOKUP(TEXT(C111,"0000"),TEXT(Catalog!A:A,"0000"),Catalog!B:B),"")} -> ETI 3901101 TERMINAL VS10 IVOR | E111: 2x50
B112: 28-01-26 | C112: 3507 | D112: {=IFERROR(_xlfn.XLOOKUP(TEXT(C112,"0000"),TEXT(Catalog!A:A,"0000"),Catalog!B:B),"")} -> ETI 3901102 TERMINAL VS10 BLUE | E112: 1x50
B113: 28-01-26 | C113: 3501 | D113: {=IFERROR(_xlfn.XLOOKUP(TEXT(C113,"0000"),TEXT(Catalog!A:A,"0000"),Catalog!B:B),"")} -> ETI 3901069 TERMINAL VS 6 BLUE | E113: 1x50
B114: 28-01-26 | C114: 3495 | D114: {=IFERROR(_xlfn.XLOOKUP(TEXT(C114,"0000"),TEXT(Catalog!A:A,"0000"),Catalog!B:B),"")} -> ETI 3901497 GR VS6 YELLO/GR | F114: 47
B115: 28-01-26 | C115: 3496 | D115: {=IFERROR(_xlfn.XLOOKUP(TEXT(C115,"0000"),TEXT(Catalog!A:A,"0000"),Catalog!B:B),"")} -> ETI 3901476 GR VS4 YELLO/GR | E115: 1x75
B116: 28-01-26 | C116: 1510 | D116: {=IFERROR(_xlfn.XLOOKUP(TEXT(C116,"0000"),TEXT(Catalog!A:A,"0000"),Catalog!B:B),"")} -> INBOUWKAST 1-RIJ BLD 610372 | E116: 2
B117: 28-01-26 | C117: 3487 | D117: {=IFERROR(_xlfn.XLOOKUP(TEXT(C117,"0000"),TEXT(Catalog!A:A,"0000"),Catalog!B:B),"")} -> ETI 3901375 EINDPLAAT VSV4 | E117: 7x50
B118: 28-01-26 | C118: 3492 | D118: {=IFERROR(_xlfn.XLOOKUP(TEXT(C118,"0000"),TEXT(Catalog!A:A,"0000"),Catalog!B:B),"")} -> ETI3901360 LIN UP VSV4 FUSE | E118: 12
B119: 28-01-26 | C119: 0511 | D119: {=IFERROR(_xlfn.XLOOKUP(TEXT(C119,"0000"),TEXT(Catalog!A:A,"0000"),Catalog!B:B),"")} -> PLAFONDDOOS 97371201 GRO-2 120 | E119: 23
D120: Muestra Indubox Solera
D121: 3 cajas restante de proyecto
...

Sheet D3 (V)
B1: Deposito Nro 3
B2: C2 | I2: Cajas import | J2: Total | K2: Observaciones
B3: Fecha | C3: Código | D3: Referencia | E3: Cajas | F3: Sueltos | G3: Cajas 0x0 | H3: Sueltos | J3: Unidades
B4: 30-01-2026 | C4: 15144 | D4: {=IFERROR(_xlfn.XLOOKUP(TEXT(C4,"0000"),TEXT(Catalog!A:A,"0000"),Catalog!B:B),"")} -> OPB.KAST WD 36MD CDN36PT/RR | E4: 21
B5: 30-01-2026 | C5: 15145 | D5: {=IFERROR(_xlfn.XLOOKUP(TEXT(C5,"0000"),TEXT(Catalog!A:A,"0000"),Catalog!B:B),"")} -> OPB.KAST WD 54MD CDP54 PT/RR | E5: 12
B6: 30-01-2026 | C6: 7052 | D6: {=IFERROR(_xlfn.XLOOKUP(TEXT(C6,"0000"),TEXT(Catalog!A:A,"0000"),Catalog!B:B),"")} -> JUNCTION BOX 125A 4*11 | E6: 2
B7: 30-01-2026 | C7: 7051 | D7: {=IFERROR(_xlfn.XLOOKUP(TEXT(C7,"0000"),TEXT(Catalog!A:A,"0000"),Catalog!B:B),"")} -> JUNCTION BOX 125A 4*7 | E7: 37
B9: C1 | I9: Cajas import | J9: Total | K9: Observaciones
B10: Fecha | C10: Código | D10: Referencia | E10: Cajas | F10: Sueltos | G10: Cajas 0x0 | H10: Sueltos | J10: Unidades
B11: 30-01-2026 | C11: 0615 | D11: {=IFERROR(_xlfn.XLOOKUP(TEXT(C11,"0000"),TEXT(Catalog!A:A,"0000"),Catalog!B:B),"")} -> ZEKERING 63A | E11: 1325
B12: 30-01-2026 | C12: 0614 | D12: {=IFERROR(_xlfn.XLOOKUP(TEXT(C12,"0000"),TEXT(Catalog!A:A,"0000"),Catalog!B:B),"")} -> ZEKERING 50A | E12: 950
B13: 30-01-2026 | C13: 0613 | D13: {=IFERROR(_xlfn.XLOOKUP(TEXT(C13,"0000"),TEXT(Catalog!A:A,"0000"),Catalog!B:B),"")} -> ZEKERING 35A | E13: 875
B14: 30-01-2026 | C14: 0612 | D14: {=IFERROR(_xlfn.XLOOKUP(TEXT(C14,"0000"),TEXT(Catalog!A:A,"0000"),Catalog!B:B),"")} -> ZEKERING 25A | E14: 477
B15: 30-01-2026 | C15: 0611 | D15: {=IFERROR(_xlfn.XLOOKUP(TEXT(C15,"0000"),TEXT(Catalog!A:A,"0000"),Catalog!B:B),"")} -> ZEKERING 20A | E15: 1300
B16: 30-01-2026 | C16: 0610 | D16: {=IFERROR(_xlfn.XLOOKUP(TEXT(C16,"0000"),TEXT(Catalog!A:A,"0000"),Catalog!B:B),"")} -> ZEKERING 16A | E16: 500
B18: C7 | I18: Cajas import | J18: Total | K18: Observaciones
B19: Fecha | C19: Código | D19: Referencia | E19: Cajas | F19: Sueltos | G19: Cajas 0x0 | H19: Sueltos | J19: Unidades
B20: 30-01-2026 | C20: 0577 | D20: {=IFERROR(_xlfn.XLOOKUP(TEXT(C20,"0000"),TEXT(Catalog!A:A,"0000"),Catalog!B:B),"")} -> LASDOPPEN 12-24 mm | E20: 220 | K20: 1650 STUCKS
B21: 30-01-2026 | C21: 0575 | D21: {=IFERROR(_xlfn.XLOOKUP(TEXT(C21,"0000"),TEXT(Catalog!A:A,"0000"),Catalog!B:B),"")} -> LASDOPPEN 3.0-12.5 mm | E21: 100 | K21: 5000 STUCKS
B22: 30-01-2026 | C22: 0576 | D22: {=IFERROR(_xlfn.XLOOKUP(TEXT(C22,"0000"),TEXT(Catalog!A:A,"0000"),Catalog!B:B),"")} -> LASDOPPEN 7.5-18.0 mm | E22: 80 | K22: 2400 STUCKS
B23: 30-01-2026 | C23: 7176 | D23: {=IFERROR(_xlfn.XLOOKUP(TEXT(C23,"0000"),TEXT(Catalog!A:A,"0000"),Catalog!B:B),"")} -> INSTEEK FLEXIBLE CLE54 | E23: 60
B24: 30-01-2026 | C24: 0569 | D24: {=IFERROR(_xlfn.XLOOKUP(TEXT(C24,"0000"),TEXT(Catalog!A:A,"0000"),Catalog!B:B),"")} -> CONEX STEEKKLEM 3-VOUDIG | E24: 160 | K24: 12000 STUCKS
B25: 30-01-2026 | C25: 0570 | D25: {=IFERROR(_xlfn.XLOOKUP(TEXT(C25,"0000"),TEXT(Catalog!A:A,"0000"),Catalog!B:B),"")} -> CONEX STEEKKLEM 4-VOUDIG | E25: 160 | K25: 12000 STUCKS
B26: 30-01-2026 | C26: 0571 | D26: {=IFERROR(_xlfn.XLOOKUP(TEXT(C26,"0000"),TEXT(Catalog!A:A,"0000"),Catalog!B:B),"")} -> CONEX STEEKKLEM 5-VOUDIG | E26: 140 | K26: 10500 STUCKS
B27: 30-01-2026 | C27: 15143 | D27: {=IFERROR(_xlfn.XLOOKUP(TEXT(C27,"0000"),TEXT(Catalog!A:A,"0000"),Catalog!B:B),"")} -> OPB.KAST WD 24MD CDN24PT/RR | E27: 1 | K27: CAJA ROTA HAY OTRAS C10
B29: C3 | I29: Cajas import | J29: Total | K29: Observaciones
B30: Fecha | C30: Código | D30: Referencia | E30: Cajas | F30: Sueltos | G30: Cajas 0x0 | H30: Sueltos | J30: Unidades
B31: 30-01-2026 | C31: 0631 | D31: {=IFERROR(_xlfn.XLOOKUP(TEXT(C31,"0000"),TEXT(Catalog!A:A,"0000"),Catalog!B:B),"")} -> KSV PATRONEN 160A NH 00 | E31: 5X3 | J31: 15
B32: 30-01-2026 | C32: 0630 | D32: {=IFERROR(_xlfn.XLOOKUP(TEXT(C32,"0000"),TEXT(Catalog!A:A,"0000"),Catalog!B:B),"")} -> KSV PATRONEN 125A NH 00 | E32: 17X3 | J32: 51 | K32: CONFIRMAR CODIGO
B33: 30-01-2026 | C33: 0628 | D33: {=IFERROR(_xlfn.XLOOKUP(TEXT(C33,"0000"),TEXT(Catalog!A:A,"0000"),Catalog!B:B),"")} -> KSV PATRONEN 80A NH 00 | E33: 9X9 | F33: 1 | J33: 81
B34: 30-01-2026 | C34: 0627 | D34: {=IFERROR(_xlfn.XLOOKUP(TEXT(C34,"0000"),TEXT(Catalog!A:A,"0000"),Catalog!B:B),"")} -> KSV PATRONEN 63A NH 00 | E34: 5X3 | J34: 15
B35: 30-01-2026 | C35: 0625 | D35: {=IFERROR(_xlfn.XLOOKUP(TEXT(C35,"0000"),TEXT(Catalog!A:A,"0000"),Catalog!B:B),"")} -> KSV PATRONEN 35A NH 00 | E35: 35X3 | J35: 105
B36: 30-01-2026 | C36: 0624 | D36: {=IFERROR(_xlfn.XLOOKUP(TEXT(C36,"0000"),TEXT(Catalog!A:A,"0000"),Catalog!B:B),"")} -> KSV PATRONEN 25A NH 00 | E36: 12X3 | J36: 36
B38: C4 | I38: Cajas import | J38: Total | K38: Observaciones
B39: Fecha | C39: Código | D39: Referencia | E39: Cajas | F39: Sueltos | G39: Cajas 0x0 | H39: Sueltos | J39: Unidades
B40: 30-01-2026 | C40: 1153 | D40: {=IFERROR(_xlfn.XLOOKUP(TEXT(C40,"0000"),TEXT(Catalog!A:A,"0000"),Catalog!B:B),"")} -> DEKSEL INB DOOS AM 4x4" 2-VOUD | E40: 15x50 | J40: 750
B41: 30-01-2026 | C41: 15140 | D41: {=IFERROR(_xlfn.XLOOKUP(TEXT(C41,"0000"),TEXT(Catalog!A:A,"0000"),Catalog!B:B),"")} -> OPB.KAST WD 12MD CDN12PT/RR | E41: 21 | J41: 21
B42: 30-01-2026 | C42: 1152 | D42: {=IFERROR(_xlfn.XLOOKUP(TEXT(C42,"0000"),TEXT(Catalog!A:A,"0000"),Catalog!B:B),"")} -> DEKSEL INB DOOS AM 4x4" 4150 | E42: 55x50 + 12x50 | J42: =2750+600 -> 3350 | K42: 55 modelo viejo 12 modelo nuevo
B43: 30-01-2026 | C43: 3332 | D43: {=IFERROR(_xlfn.XLOOKUP(TEXT(C43,"0000"),TEXT(Catalog!A:A,"0000"),Catalog!B:B),"")} -> PICKENS 18 WATT 6500K LED SPOT | E43: 3x8 | J43: 24
B44: 30-01-2026 | C44: 1375 | D44: {=IFERROR(_xlfn.XLOOKUP(TEXT(C44,"0000"),TEXT(Catalog!A:A,"0000"),Catalog!B:B),"")} -> RAWPLUGS WIT (5x25mm-1") | E44: 120 | K44: 30boxes 600frames 15000pcs
B45: 30-01-2026 | C45: 1376 | D45: {=IFERROR(_xlfn.XLOOKUP(TEXT(C45,"0000"),TEXT(Catalog!A:A,"0000"),Catalog!B:B),"")} -> RAWPLUGS ROOD (6X25mm-1") | E45: 96 | K45: 24boxes 480frames 12000pcs
B46: 30-01-2026 | C46: 1377 | D46: {=IFERROR(_xlfn.XLOOKUP(TEXT(C46,"0000"),TEXT(Catalog!A:A,"0000"),Catalog!B:B),"")} -> RAW PLUGS GROEN (7x35mm-1.1/2) | E46: 64 | K46: 16boxes 320frames 8000pcs
B47: 30-01-2026 | C47: 1378 | D47: {=IFERROR(_xlfn.XLOOKUP(TEXT(C47,"0000"),TEXT(Catalog!A:A,"0000"),Catalog!B:B),"")} -> RAWPLUGS BLAUW (8x35mm-1.1/2) | E47: 60 | K47: 12boxes 240frames 6000pcs
B48: 30-01-2026 | C48: 3124 | D48: {=IFERROR(_xlfn.XLOOKUP(TEXT(C48,"0000"),TEXT(Catalog!A:A,"0000"),Catalog!B:B),"")} -> REFLECTOR LED 200W 18000LM | E48: 2x4 y 3x4 | J48: 20
B49: 30-01-2026 | C49: 1150 | D49: {=IFERROR(_xlfn.XLOOKUP(TEXT(C49,"0000"),TEXT(Catalog!A:A,"0000"),Catalog!B:B),"")} -> INB DOOS AM 2x4" | E49: 16x50 | J49: 800 | K49: Modelo nuevo
B50: 30-01-2026 | C50: 1150 | D50: {=IFERROR(_xlfn.XLOOKUP(TEXT(C50,"0000"),TEXT(Catalog!A:A,"0000"),Catalog!B:B),"")} -> INB DOOS AM 2x4" | E50: 30x50 | J50: 1500 | K50: Modelo nuevo
D51: Cable azul 95m | K51: 16
B53: C3 | I53: Cajas import | J53: Total | K53: Observaciones
B54: Fecha | C54: Código | D54: Referencia | E54: Cajas | F54: Sueltos | G54: Cajas 0x0 | H54: Sueltos | J54: Unidades
B55: 30-01-2026 | C55: 0620 | D55: {=IFERROR(_xlfn.XLOOKUP(TEXT(C55,"0000"),TEXT(Catalog!A:A,"0000"),Catalog!B:B),"")} -> KOP K2 | E55: 5x50 | J55: 250
B56: 30-01-2026 | C56: 0621 | D56: {=IFERROR(_xlfn.XLOOKUP(TEXT(C56,"0000"),TEXT(Catalog!A:A,"0000"),Catalog!B:B),"")} -> KOP K3 | E56: 8x20 | J56: 160
B57: 30-01-2026 | C57: 7054 | D57: {=IFERROR(_xlfn.XLOOKUP(TEXT(C57,"0000"),TEXT(Catalog!A:A,"0000"),Catalog!B:B),"")} -> FTG VerdeelBlok 4F 125A 1x35mm | J57: 8
B58: 30-01-2026 | C58: 7055 | D58: {=IFERROR(_xlfn.XLOOKUP(TEXT(C58,"0000"),TEXT(Catalog!A:A,"0000"),Catalog!B:B),"")} -> FTG Verdeel Blok1F 160A 1x70mm | E58: 3x20 | F58: 2 | J58: 32
B59: 30-01-2026 | C59: 0600 | D59: {=IFERROR(_xlfn.XLOOKUP(TEXT(C59,"0000"),TEXT(Catalog!A:A,"0000"),Catalog!B:B),"")} -> PASMOER 16A | E59: 60x25 | J59: 1500
B60: 30-01-2026 | C60: 0601 | D60: {=IFERROR(_xlfn.XLOOKUP(TEXT(C60,"0000"),TEXT(Catalog!A:A,"0000"),Catalog!B:B),"")} -> PASMOER 20A | J60: 465
B61: 30-01-2026 | C61: 0602 | D61: {=IFERROR(_xlfn.XLOOKUP(TEXT(C61,"0000"),TEXT(Catalog!A:A,"0000"),Catalog!B:B),"")} -> PASMOER 25A | J61: 525
B62: 30-01-2026 | C62: 0603 | D62: {=IFERROR(_xlfn.XLOOKUP(TEXT(C62,"0000"),TEXT(Catalog!A:A,"0000"),Catalog!B:B),"")} -> PASMOER 35A | J62: 100
B63: 30-01-2026 | C63: 0604 | D63: {=IFERROR(_xlfn.XLOOKUP(TEXT(C63,"0000"),TEXT(Catalog!A:A,"0000"),Catalog!B:B),"")} -> PASMOER 50A | J63: 75
B64: 30-01-2026 | C64: 0605 | D64: {=IFERROR(_xlfn.XLOOKUP(TEXT(C64,"0000"),TEXT(Catalog!A:A,"0000"),Catalog!B:B),"")} -> PASMOER 63A | J64: 330
B65: 30-01-2026 | C65: 0646 | D65: {=IFERROR(_xlfn.XLOOKUP(TEXT(C65,"0000"),TEXT(Catalog!A:A,"0000"),Catalog!B:B),"")} -> KSV PATRONEN 630A NH 3 | E65: 4x3 | J65: 12
B66: 30-01-2026 | C66: 0644 | D66: {=IFERROR(_xlfn.XLOOKUP(TEXT(C66,"0000"),TEXT(Catalog!A:A,"0000"),Catalog!B:B),"")} -> KSV PATRONEN 355A NH 1 | E66: 12x3 | J66: 36
B67: 30-01-2026 | C67: 0643 | D67: {=IFERROR(_xlfn.XLOOKUP(TEXT(C67,"0000"),TEXT(Catalog!A:A,"0000"),Catalog!B:B),"")} -> KSV PATRONEN 315A NH 1 | E67: 9x3 | J67: 27
B68: 30-01-2026 | C68: 0641 | D68: {=IFERROR(_xlfn.XLOOKUP(TEXT(C68,"0000"),TEXT(Catalog!A:A,"0000"),Catalog!B:B),"")} -> KSV PATRONEN 224A NH 1 | E68: 14x3 | J68: 42
B69: 30-01-2026 | C69: 0639 | D69: {=IFERROR(_xlfn.XLOOKUP(TEXT(C69,"0000"),TEXT(Catalog!A:A,"0000"),Catalog!B:B),"")} -> KSV PATRONEN 160A NH 1 | E69: 24x3 | J69: 72
B70: 30-01-2026 | C70: 0638 | D70: {=IFERROR(_xlfn.XLOOKUP(TEXT(C70,"0000"),TEXT(Catalog!A:A,"0000"),Catalog!B:B),"")} -> KSV PATRONEN 125A NH 1 | E70: 22x3 | J70: 66
B71: 30-01-2026 | C71: 0637 | D71: {=IFERROR(_xlfn.XLOOKUP(TEXT(C71,"0000"),TEXT(Catalog!A:A,"0000"),Catalog!B:B),"")} -> KSV PATRONEN 100A NH 1 | E71: 34x3 | J71: 102
B72: 30-01-2026 | C72: 0636 | D72: {=IFERROR(_xlfn.XLOOKUP(TEXT(C72,"0000"),TEXT(Catalog!A:A,"0000"),Catalog!B:B),"")} -> KSV PATRONEN 80A NH 1 | E72: 17x3 | J72: 51
B73: 30-01-2026 | C73: 0635 | D73: {=IFERROR(_xlfn.XLOOKUP(TEXT(C73,"0000"),TEXT(Catalog!A:A,"0000"),Catalog!B:B),"")} -> KSV PATRONEN 63A NH 1 | E73: 22x3 | J73: 66
B74: 30-01-2026 | C74: 3014 | D74: {=IFERROR(_xlfn.XLOOKUP(TEXT(C74,"0000"),TEXT(Catalog!A:A,"0000"),Catalog!B:B),"")} -> BUIGVEER 3/4" 2 mtr | J74: 2
B75: 30-01-2026 | C75: 3011 | D75: {=IFERROR(_xlfn.XLOOKUP(TEXT(C75,"0000"),TEXT(Catalog!A:A,"0000"),Catalog!B:B),"")} -> BUIGVEER 3/4" 1 mtr | J75: 9
B77: C6 | I77: Cajas import | J77: Total | K77: Observaciones
B78: Fecha | C78: Código | D78: Referencia | E78: Cajas | F78: Sueltos | G78: Cajas 0x0 | H78: Sueltos | J78: Unidades
B79: 30-01-2026 | C79: 15143 | D79: {=IFERROR(_xlfn.XLOOKUP(TEXT(C79,"0000"),TEXT(Catalog!A:A,"0000"),Catalog!B:B),"")} -> OPB.KAST WD 24MD CDN24PT/RR | E79: 22
B80: 30-01-2026 | C80: 15145 | D80: {=IFERROR(_xlfn.XLOOKUP(TEXT(C80,"0000"),TEXT(Catalog!A:A,"0000"),Catalog!B:B),"")} -> OPB.KAST WD 54MD CDP54 PT/RR | E80: 17
B82: C10 | I82: Cajas import | J82: Total | K82: Observaciones
B83: Fecha | C83: Código | D83: Referencia | E83: Cajas | F83: Sueltos | G83: Cajas 0x0 | H83: Sueltos | J83: Unidades
B84: 46055 | C84: 15143 | D84: {=IFERROR(_xlfn.XLOOKUP(TEXT(C84,"0000"),TEXT(Catalog!A:A,"0000"),Catalog!B:B),"")} -> OPB.KAST WD 24MD CDN24PT/RR | E84: 15
B85: 46055 | C85: 0703 | D85: {=IFERROR(_xlfn.XLOOKUP(TEXT(C85,"0000"),TEXT(Catalog!A:A,"0000"),Catalog!B:B),"")} -> ATT MONTAGEDEKSEL 2X WCD 1623 | E85: 13x10
B86: 46055 | C86: 0702 | D86: {=IFERROR(_xlfn.XLOOKUP(TEXT(C86,"0000"),TEXT(Catalog!A:A,"0000"),Catalog!B:B),"")} -> ATT MONTAGEDEKSEL 1X WCD 1622 | E86: 6x10
B87: 46055 | C87: 0517 | D87: {=IFERROR(_xlfn.XLOOKUP(TEXT(C87,"0000"),TEXT(Catalog!A:A,"0000"),Catalog!B:B),"")} -> CENTR ZIJKANT BODEM 76.5MM 169 | F87: 46
B88: 46055 | C88: 0513 | D88: {=IFERROR(_xlfn.XLOOKUP(TEXT(C88,"0000"),TEXT(Catalog!A:A,"0000"),Catalog!B:B),"")} -> INBOUWDS HOLLEWAND 16/19 | E88: 3x120 | J88: 360
B89: 46055 | C89: 0505 | D89: {=IFERROR(_xlfn.XLOOKUP(TEXT(C89,"0000"),TEXT(Catalog!A:A,"0000"),Catalog!B:B),"")} -> CD/RV RONDE DEKSEL CENTRAL | E89: 3x50 | J89: 150
B90: 46055 | C90: 0490 | D90: {=IFERROR(_xlfn.XLOOKUP(TEXT(C90,"0000"),TEXT(Catalog!A:A,"0000"),Catalog!B:B),"")} -> TREKDOOS 4202-D | E90: 10x10 | J90: 100
B92: C9 | I92: Cajas import | J92: Total | K92: Observaciones
B93: Fecha | C93: Código | D93: Referencia | E93: Cajas | F93: Sueltos | G93: Cajas 0x0 | H93: Sueltos | J93: Unidades | M93: NOTA APARTE MISMO SERIAL MISMO NOMBRE
B94: 46055 | C94: 0534 | D94: {=IFERROR(_xlfn.XLOOKUP(TEXT(C94,"0000"),TEXT(Catalog!A:A,"0000"),Catalog!B:B),"")} -> INBOUWDOOS DUBB WCD H140 | E94: 9x50 | M94: 1418 | N94: BERKER AFDEKPL SERIE 16238989
B95: 46055 | C95: 0490 | D95: {=IFERROR(_xlfn.XLOOKUP(TEXT(C95,"0000"),TEXT(Catalog!A:A,"0000"),Catalog!B:B),"")} -> TREKDOOS 4202-D | E95: 2x100 | M95: 14180 | N95: BERKER AFDPL SCHAK 3P 16658989
B96: 46055 | C96: 0700 | D96: {=IFERROR(_xlfn.XLOOKUP(TEXT(C96,"0000"),TEXT(Catalog!A:A,"0000"),Catalog!B:B),"")} -> ATT UNIVERSELE LASDOOS 1619 | E96: 3x100 | M96: 14181 | N96: BERKER AFDPL SCHAK2xW 16238989
B97: 46055 | C97: 0535 | D97: {=IFERROR(_xlfn.XLOOKUP(TEXT(C97,"0000"),TEXT(Catalog!A:A,"0000"),Catalog!B:B),"")} -> GIETBOUWDOOS EURO 2x3/4 MGD50 | E97: 2x100
B99: C8 | I99: Cajas import | J99: Total | K99: Observaciones
B100: Fecha | C100: Código | D100: Referencia | E100: Cajas | F100: Sueltos | G100: Cajas 0x0 | H100: Sueltos | J100: Unidades
B101: 46055 | C101: 1327 | D101: {=IFERROR(_xlfn.XLOOKUP(TEXT(C101,"0000"),TEXT(Catalog!A:A,"0000"),Catalog!B:B),"")} -> MOERKLEM APC 10/6 | E101: 5X25 | J101: 125
B102: 46055 | C102: 1330 | D102: {=IFERROR(_xlfn.XLOOKUP(TEXT(C102,"0000"),TEXT(Catalog!A:A,"0000"),Catalog!B:B),"")} -> MOERKLEM APC 35/35 | E102: 16X10 | J102: 160
B103: 46055 | C103: 1328 | D103: {=IFERROR(_xlfn.XLOOKUP(TEXT(C103,"0000"),TEXT(Catalog!A:A,"0000"),Catalog!B:B),"")} -> MOERKLEM APC 16/16 | E103: 7X25
B104: 46055 | C104: 1329 | D104: {=IFERROR(_xlfn.XLOOKUP(TEXT(C104,"0000"),TEXT(Catalog!A:A,"0000"),Catalog!B:B),"")} -> MOERKLEM APC 25/25 | E104: 19X10 | J104: 190
B105: 46055 | C105: 1331 | D105: {=IFERROR(_xlfn.XLOOKUP(TEXT(C105,"0000"),TEXT(Catalog!A:A,"0000"),Catalog!B:B),"")} -> MOERKLEM APC 50/50 | E105: 19X10 | J105: 190
B106: 46055 | C106: 1334 | D106: {=IFERROR(_xlfn.XLOOKUP(TEXT(C106,"0000"),TEXT(Catalog!A:A,"0000"),Catalog!B:B),"")} | E106: 218
B107: 46055 | C107: 1335 | D107: {=IFERROR(_xlfn.XLOOKUP(TEXT(C107,"0000"),TEXT(Catalog!A:A,"0000"),Catalog!B:B),"")} -> KOPPELING LEH-34 | E107: 297
B108: 46055 | C108: 1314 | D108: {=IFERROR(_xlfn.XLOOKUP(TEXT(C108,"0000"),TEXT(Catalog!A:A,"0000"),Catalog!B:B),"")} -> AARDKLEM 1 " | E108: 202
B109: 46055 | C109: 3124 | D109: {=IFERROR(_xlfn.XLOOKUP(TEXT(C109,"0000"),TEXT(Catalog!A:A,"0000"),Catalog!B:B),"")} -> REFLECTOR LED 200W 18000LM | E109: 7X4
...

Sheet D1 (M)
B1: Deposito Nro 1
B2: A-1 | I2: Cajas import | J2: Total | K2: Observaciones
B3: Fecha | C3: Código | D3: Referencia | E3: Cajas | F3: Sueltos | G3: Cajas 0x0 | H3: Sueltos | J3: Unidades
B4: 26-01-26 | C4: 3229 | D4: TL-ORNEMENT LED 1x18W WD LEEG | E4: 81
B7: A-2 | I7: Cajas import | J7: Total | K7: Observaciones
B8: Fecha | C8: Código | D8: Referencia | E8: Cajas | F8: Sueltos | G8: Cajas 0x0 | H8: Sueltos | J8: Unidades
B9: 26-01-26 | C9: 0103 | D9: VD DRAAD 2.5 mm BLAUW | E9: 489
B12: A-3 | I12: Cajas import | J12: Total | K12: Observaciones
B13: Fecha | C13: Código | D13: Referencia | E13: Cajas | F13: Sueltos | G13: Cajas 0x0 | H13: Sueltos | J13: Unidades
B14: 26-01-26 | C14: 0101 | D14: VD DRAAD 1.5 mm ZWART | E14: 291
B17: A-4 | I17: Cajas import | J17: Total | K17: Observaciones
B18: Fecha | C18: Código | D18: Referencia | E18: Cajas | F18: Sueltos | G18: Cajas 0x0 | H18: Sueltos | J18: Unidades
B19: 26-01-26 | C19: 3231 | D19: TL ORNEMENT LED2X18W WD LEEG | E19: 59
B22: A-5 | I22: Cajas import | J22: Total | K22: Observaciones
B23: Fecha | C23: Código | D23: Referencia | E23: Cajas | F23: Sueltos | G23: Cajas 0x0 | H23: Sueltos | J23: Unidades
B24: 26-01-26 | C24: 3258 | D24: LED TUBE 10W 4000K 60cm | E24: 6 | F24: 11
B25: 26-01-26 | C25: 3225 | D25: TL-ORNEMENT 1x20W WD 127/220V | E25: 2
B26: 26-01-26 | C26: 3275 | D26: LED TUBE T8 10W/865 1050l 6500 | E26: 2
B27: 26-01-26 | C27: 3256 | D27: TL-BUIS LED 10W 6500K | E27: 1
B28: 26-01-26 | C28: 3231 | D28: TL ORNEMENT LED2X18W WD LEEG | E28: 43
B29: 26-01-26 | C29: 3350 | D29: LEDPANEL 40W 2x2 CCT 120-277V | E29: 15
B34: A-6 | I34: Cajas import | J34: Total | K34: Observaciones
B35: Fecha | C35: Código | D35: Referencia | E35: Cajas | F35: Sueltos | G35: Cajas 0x0 | H35: Sueltos | J35: Unidades
A36: CODIGO? | B36: 26-01-26 | C36: 01?? | D36: Amarillas | E36: 280
C37: 3100 | D37: PANEL LED BACKLIT 2X2-40W | E37: 3x4 | F37: 4
B39: B2 | I39: Cajas import | J39: Total | K39: Observaciones
B40: Fecha | C40: Código | D40: Referencia | E40: Cajas | F40: Sueltos Unidades | G40: Cajas 0x0 | H40: Sueltos cajas | J40: Unidades
B41: 23-01-26 | C41: 3210 | D41: TL-ORNEMENT 1x20W 127/220V | E41: 10 | F41: 3
B42: 23-01-26 | C42: 3230 | D42: TL ORNEMENT LED 2X9W WD LEEG | E42: 66+24
B43: 23-01-26 | C43: 3224 | D43: TL ORNEMENT LED 1X18W LEEG | E43: 11 | F43: 4
B44: 26-01-26 | D44: Rema 212.430 Bi-metallic tap-off clamp | E44: 1 | F44: 4
B47: B3 | I47: Cajas import | J47: Total | K47: Observaciones
B48: Fecha | C48: Código | D48: Referencia | E48: Cajas | F48: Sueltos Unidades | G48: Cajas 0x0 | H48: Sueltos cajas | J48: Unidades
B49: 23-01-26 | C49: 0102 | D49: VD DRAAD 2.5 mm BRUIN | E49: 426
B50: 23-01-26 | D50: Fluorescent Fitting | E50: 7 | F50: 8
B51: 23-01-26 | C51: 4102 | D51: TRIPLE ROCKERS 90661 TBR
B52: 23-01-26 | C52: 4142 | D52: TRIPLE ROCKERS 90661 TPM | E52: 19
B53: 23-01-26 | C53: 4105 | D53: COVER PLATE SINGLE RJ45 90751
B54: 23-01-26 | C54: 4144 | D54: COV PLATE SINGLE RJ45 90751TPM
B55: 23-01-26 | C55: 90106 | D55: COV PLATE SINGL RJ45 90751TAL | E55: 17
B56: 23-01-26 | C56: 4115 | D56: 5 GANG HORIZONTAL FRAME 90950
B57: 23-01-26 | C57: 4154 | D57: 5 X HORIZONT FRAME 90950 TPM | E57: 29+14
B58: 23-01-26 | C58: 4112 | D58: DOUBLE HORIZONTAL FRAME 90920
B59: 23-01-26 | C59: 4151 | D59: 2 X HORIZONTAL FRAME 90920 TPM
B60: 23-01-26 | C60: 90101 | D60: DOUBLE FRAME ALU 90920TAA | E60: 1
B61: 23-01-26 | C61: 4101 | D61: DOUBLE ROCKERS 90611 TBR
B62: 23-01-26 | C62: 4141 | D62: DOUBLE ROCKERS 90611 TPM
B63: 23-01-26 | C63: 90108 | D63: DBL ROCKER SWITCH ALU 90611TAL | E63: 9
B64: 23-01-26 | C64: 4100 | D64: ROCKER FOR SWITCHES 90601 TBR
B65: 23-01-26 | C65: 4140 | D65: ROCKER FOR SWITCHES 90601 TPM
B66: 23-01-26 | C66: 90108 | D66: DBL ROCKER SWITCH ALU 90611TAL | E66: 26 | F66: 1
B67: 23-01-26 | C67: 4104 | D67: COVER PLATE FOR DIMMER 90721 T
B68: 23-01-26 | C68: 4143 | D68: COVER PLATE FOR DIMMER90721TPM
B69: 23-01-26 | C69: 90107 | D69: COV PLATE DIMM 2WAY SW90721TAL | E69: 45
A70: se conto | B70: 23-01-26 | C70: 1920 | D70: RAILKOPER VERN 15X8MM | E70: 29
A71: junto | B71: 23-01-26 | C71: 19201 | D71: RAILKOPER VERN 20X5MM
A72: ubicación? | B72: 26-01-26 | C72: 4117 | D72: COVER RING WITH DOUBLE 90442
A73: ubicación? | B73: 26-01-26 | C73: 4155 | D73: COV RING WITH DOUBLE 90442 SPM | E73: 18
A74: ubicación? | B74: 26-01-26 | C74: 4106 | D74: COVER PLATE - TELEPHONE 90712
A75: ubicación? | B75: 26-01-26 | C75: 4145 | D75: COV PLATE TELEPHONE 90712 TPM | E75: 25
A76: ubicación? | B76: 26-01-26 | C76: 4111 | D76: SINGLE FRAME 90910 TBR
A77: ubicación? | B77: 26-01-26 | C77: 4150 | D77: SINGLE FRAME 90910 TPM
A78: ubicación? | B78: 26-01-26 | C78: 90100 | D78: SINGLE FRAME ALU 90910TAA | E78: 12 | F78: 4
A79: ubicación? | B79: 26-01-26 | C79: 4118 | D79: COVER PLATE DBL USB CHA90673
A80: ubicación? | B80: 26-01-26 | C80: 4156 | D80: COV PLATE FOR USB 90673 TPM | E80: 25
B84: B1 | I84: Cajas import | J84: Total | K84: Observaciones
B85: Fecha | C85: Código | D85: Referencia | E85: Cajas | F85: Sueltos Unidades | G85: Cajas 0x0 | H85: Sueltos cajas | J85: Unidades
A86: no | B86: 26-01-26 | C86: 3229 | D86: TL-ORNEMENT LED 1x18W WD LEEG | E86: 20
A87: coincide | B87: 26-01-26 | C87: 3210 | D87: TL-ORNEMENT 1x20W 127/220V | E87: 6
A88: descripcion | B88: 26-01-26 | C88: 3223 | D88: TL ORNEMENT LED 1X9W LEEG | E88: 8
A89: con anotado | B89: 26-01-26 | C89: 3253 | D89: TL- BUIS 32W DL T8 | E89: 11
B92: B-6 | I92: Cajas import | J92: Total | K92: Observaciones
B93: Fecha | C93: Código | D93: Referencia | E93: Cajas | F93: Sueltos | G93: Cajas 0x0 | H93: Sueltos | J93: Unidades
B94: 23-01-26 | C94: 4107 | D94: COVER PLATE- EARTH SOCKET90631 | E94: 144
B95: 23-01-26 | C95: 4146 | D95: COV PLATE EARTH SOCKET90631TPM
B96: 23-01-26 | C96: 4247 | D96: VLAKHOEK 110X34MM 10083 RBR | E96: 6 | F96: 3
B97: 23-01-26 | C97: 4285 | D97: BUITENHK 90X50MM 10186 RBR | E97: 6
B98: 23-01-26 | C98: 1497 | D98: OPBOUW KAST 4 MOD 610091 | E98: 6 | F98: 1
B99: 23-01-26 | C99: 4224 | D99: T STUK 110X50MM 10091 RBR
B100: 23-01-26 | C100: 4280 | D100: BUITENHK 50X20MM 10506 ABR | E100: 2
B101: 23-01-26 | C101: 4225 | D101: T STUK 90X50MM 10181 RBR | F101: 2
B102: 23-01-26 | C102: 4231 | D102: BINNENHK 40X16MM 10062 ABR | E102: 2 | F102: 7
B103: 23-01-26 | C103: 4218 | D103: T STUK 40X12.5MM 10051 ABR | E103: 2
B104: 23-01-26 | C104: 4260 | D104: VERLENG 110X50MM 10094 RBR | F104: 3
B105: 23-01-26 | C105: 4240 | D105: VLAKHOEK 32X12.5MM 10403 ABR | E105: 2 | F105: 13
B106: 23-01-26 | C106: 4230 | D106: BINNENHK 40X12.5MM 10052 ABR | E106: 2
B107: 23-01-26 | C107: 4241 | D107: VLAKHOEK 32X16MM 10043 ABR | E107: 2 | F107: 8
B108: 23-01-26 | C108: 4284 | D108: BUITENHK 110X50MM 10096 RBR | E108: 7
B109: 23-01-26 | C109: 4234 | D109: BINNENHK 75X20MM 10142 ABR | E109: 2 | F109: 4
B110: 23-01-26 | C110: 4258 | D110: VERLENG 75X20MM 10144 ABR | E110: 1 | F110: 3
B111: 23-01-26 | C111: 1502 | D111: OPB.KAST 3RIJ 54MOD 610295 | E111: 2 | F111: 3
B112: 23-01-26 | C112: 4274 | D112: EINDSTUK 180X50MM 10295 RBR
B113: 23-01-26 | C113: 4105 | D113: COVER PLATE SINGLE RJ45 90751 | E113: 5
B114: 23-01-26 | C114: 4144 | D114: COV PLATE SINGLE RJ45 90751TPM
B115: 23-01-26 | C115: 90106 | D115: COV PLATE SINGL RJ45 90751TAL
B116: 23-01-26 | D116: Prima Led Tube 1x60 20507 | E116: 136
B117: 23-01-26 | D117: Prima Led Tube 2x60 20507 | E117: 21
B119: 23-01-26 | C119: 4110 | D119: BLIND COVER PLATE 90677 TBR
B120: 23-01-26 | C120: 4149 | D120: BLIND COVER PLATE 90677 TPM
B121: 23-01-26 | C121: 90110 | D121: BLIND COV PLATE ALU 90677TAL | E121: 78
...

Sheet Sheet1
A1: A-2 | F1: Total | G1: Observaciones
A2: Fecha | B2: Código | C2: Referencia | D2: Cajas | E2: Sueltos | F2: Unidades
A3: 26-01-26 | B3: 0103 | C3: VD DRAAD 2.5 mm BLAUW | D3: 489

Sheet D2 (M)
B1: Deposito Nro 2
B2: B-1 | I2: Cajas import | J2: Total | K2: Observaciones
B3: Fecha | C3: Código | D3: Referencia | E3: Cajas | F3: Sueltos | G3: Cajas 0x0 | H3: Sueltos | J3: Unidades
B4: 27-01-26 | C4: 1769 | D4: ETI AUTOMAAT6KA B40 1P B KAR | E4: 28
B5: 27-01-26 | C5: 1742 | D5: ETI AUTOMAAT6KA 32A 1P+N CKAR | E5: 1x9
B6: 27-01-26 | C6: 1715 | D6: ETI AUTOMAAT 6KA 1P+N 25A B | E6: 4
B7: 27-01-26 | C7: 1713 | D7: ETI AUTOMAAT6KA 25A 1P+N CKAR | E7: 10
B8: 27-01-26 | C8: 1712 | D8: ETI AUTOMAAT6KA 20A 1P+N CKAR | E8: 10 | F8: 10
B9: 27-01-26 | C9: 1711 | D9: ETI AUTOMAAT6KA 16A 1P+N CKAR
B10: 27-01-26 | C10: 1737 | D10: ETI AUTOMAAT 6KA 3P+N 6A BKAR | E10: 2
B11: 27-01-26 | C11: 1709 | D11: ETI AUTOMAAT6KA 6A 1P+N BKAR | E11: 1 | F11: 5
B12: 27-01-26 | C12: 8031 | D12: ETI aardleksch 40A 4P0,03 127V | E12: 19
B13: 27-01-26 | C13: 1711 | D13: ETI AUTOMAAT6KA 16A 1P+N CKAR | E13: 22
B14: 27-01-26 | C14: 1710 | D14: ETI AUTOMAAT6KA 16A 1P+N BKAR | E14: 44 | F14: 6
B16: 28-01-26 | C16: 1972 | D16: SCHAKELAAR MESPATR INB 630A | E16: 1
B17: 28-01-27 | C17: 1995 | D17: OMSCHAKELAAR 160A 3P+N | E17: 5
B18: 28-01-28 | C18: 1954 | D18: OMSCHAKELAAR 63A 3P+N | E18: 13
B19: 28-01-29 | C19: 1958 | D19: OMSCHAKELAAR 250A 3P+N | E19: 7
B20: 28-01-30 | C20: 1937 | D20: HOOFDSCHAKELAAR 400A | E20: 7
B23: B-2 | I23: Cajas import | J23: Total | K23: Observaciones
B24: Fecha | C24: Código | D24: Referencia | E24: Cajas | F24: Sueltos | G24: Cajas 0x0 | H24: Sueltos | J24: Unidades
B25: 27-01-26 | C25: 7038 | D25: JVM 65-125 125A 3P+N C-TYPE | E25: 15
B26: 27-01-26 | C26: 7037 | D26: JVM 65-125 100A 3P+N C-TYPE | E26: 11
B27: 27-01-26 | C27: 1738 | D27: ETI AUTOMAAT 6KA 3P+N 6A CKAR | E27: 1 | F27: 2
B28: 27-01-26 | C28: 1728 | D28: ETI AUTOMAAT 6KA 3P+N 16A CKAR | E28: 29 | F28: 2
B29: 27-01-26 | C29: 1740 | D29: ETI AUTOMAAT 6KA 2P 40A CKAR | E29: 6 | F29: 5
B30: 27-01-26 | C30: 1739 | D30: ETI AUTOMAAT 6KA 2P 32A CKAR | E30: 7 | F30: 1
B31: 27-01-26 | C31: 1719 | D31: ETI AUTOMAAT 6KA 2P 25A CKAR | E31: 10
B32: 27-01-26 | C32: 1718 | D32: ETI AUTOMAAT 6KA 2P 20A CKAR | E32: 3 | F32: 5
B34: 27-01-26 | C34: 1727 | D34: ETI AUTOMAAT 6KA 3P+N 16A BKAR | E34: 2
B35: 27-01-26 | C35: 1717 | D35: ETI AUTOMAAT 6KA 2P 16A B KAR | E35: 20
B36: 27-01-26 | C36: 1788 | D36: ETI 4804051 KWH METER 3X63A D | E36: 2
B38: 28-01-26 | C38: 15? | F38: 1
B39: 28-01-26 | C39: 1574 | D39: GE AUTOMAAT 100A, 3P+N C KAR | E39: 4x2
B40: 28-01-26 | C40: 1571 | D40: GE AUTOMAAT 50A, 3P+N C-KAR | E40: 10x3
B41: 28-01-26 | C41: 1570 | D41: GE AUTOMAAT 40A, 3P+N C-KAR | E41: 13x3 | F41: 2
B42: 28-01-26 | C42: 1569 | D42: GE AUTOMAAT 32A, 3P+N C-KAR | E42: 2x3 | F42: 2
B43: 28-01-26 | C43: 1577 | D43: GE AUTOMAAT 20A, 3P+N C-KAR | E43: 5x3
B44: 28-01-26 | C44: 1523 | D44: GE AUTO 25A, 4P-2MOD C UNIBIS | E44: 13x6 | F44: 3
B45: 28-01-26 | C45: 1576 | D45: GE AUTOMAAT 16A, 3P+N C-KAR | E45: 2x3 | F45: 1
B46: 28-01-26 | C46: 1567 | D46: GE AUTOMAAT 63A, 3POL C-KAR | E46: 5x4
B47: 28-01-26 | C47: 1566 | D47: GE AUTOMAAT 50A, 3POL C-KAR | E47: 12x4 | F47: 3
B48: 28-01-26 | C48: 1565 | D48: GE AUTOMAAT 40A, 3POL C-KAR | E48: 1x4
B49: 28-01-26 | C49: 1564 | D49: GE AUTOMAAT 32A, 3POL C-KAR | E49: 7x4 | F49: 1
B50: 28-01-26 | C50: 1522 | D50: GE AUTO 25A, 3P-2MOD C UNIBIS | E50: 6
B53: B-3 | I53: Cajas import | J53: Total | K53: Observaciones
B54: Fecha | C54: Código | D54: Referencia | E54: Cajas | F54: Sueltos | G54: Cajas 0x0 | H54: Sueltos | J54: Unidades
B55: 27-01-26 | C55: 1714 | D55: ETI AUTOMAAT6KA 50A 1P+N CKAR | E55: 8
B56: 27-01-26 | C56: 1726 | D56: ETI AUTOMAAT 6KA 3P 63A CKAR | E56: 8 | F56: 1
B57: 27-01-26 | C57: 1725 | D57: ETI AUTOMAAT 6KA 3P 50A CKAR | E57: 6 | F57: 1
B58: 27-01-26 | C58: 1724 | D58: ETI AUTOMAAT 6KA 3P 40A CKAR | E58: 4 | F58: 3
B59: 27-01-26 | C59: 1723 | D59: ETI AUTOMAAT 6KA 3P 32A C KAR | E59: 6
B60: 27-01-26 | C60: 1722 | D60: ETI AUTOMAAT 6KA 3P 25A C KAR | E60: 3 | F60: 2
B61: 27-01-26 | C61: 1721 | D61: ETI AUTOMAAT 6KA 3P 20A C KAR | E61: 6 | F61: 3
B62: 27-01-26 | C62: 1720 | D62: ETI AUTOMAAT 6KA 3P 16A CKAR | E62: 9 | F62: 3
B63: 27-01-26 | C63: 1733 | D63: ETI AUTOMAAT 6KA 3P+N 63A CKAR | E63: 17 | F63: 1
B64: 27-01-26 | C64: 1732 | D64: ETI AUTOMAAT 6KA 3P+N 50A CKAR | E64: 9
B65: 27-01-26 | C65: 1731 | D65: ETI AUTOMAAT 6KA 3P+N 40A CKAR | E65: 6 | F65: 1
B66: 27-01-26 | C66: 1730 | D66: ETI AUTOMAAT 6KA 3P+N 32A CKAR | E66: 2
B67: 27-01-26 | C67: 1659 | D67: MOELLER OPB BF-0-3/72 | F67: 1
B68: 27-01-26 | C68: 1931 | D68: SCHAKELKAST&SCHAKELAAR 400A | E68: 2
B69: 27-01-26 | C69: 1699 | D69: ETI AFDEK STROOK 2911003 | E69: 300+72
B70: 27-01-26 | C70: 2006 | D70: SCHIJDER NH 00 SPECIAL | E70: 100
A72: UBICACIÓN? | B72: 28-01-26 | C72: 1562 | D72: GE AUTOMAAT 20A, 3POL C-KAR | E72: 12x4
A73: UBICACIÓN? | B73: 28-01-26 | C73: 1521 | D73: GE AUTO 20A, 3P-2MOD C UNIBIS | E73: 7x6
A74: UBICACIÓN? | B74: 28-01-26 | C74: 1561 | D74: GE AUTOMAAT 16A, 3POL C-KAR | E74: 5
A75: UBICACIÓN? | B75: 28-01-26 | C75: 1520 | D75: GE AUTO 16A, 3P-2MOD C UNIBIS | E75: 6
B77: 28-01-26 | C77: 1974 | D77: DIRECT HANDLE 250A-630A-M21 | F77: 3
B78: 28-01-26 | C78: 1942 | D78: DIRECT HANDEL 40A T/M 250A-CD | F78: 22
B79: 28-01-26 | C79: 1941 | D79: PANELHANDLE 40A - 250A-DS-SA01 | F79: 12
B80: 28-01-26 | C80: 1962 | D80: DIRECT HANDLE 40A-200A-CD | F80: 10
B81: 28-01-26 | C81: 1966 | D81: DOORVERBINDINGSET 125AT/M200A | F81: 4
B82: 28-01-26 | C82: 1943 | D82: DIRECT HANDLE 250A T/M 400A-CD | F82: 1
B83: 28-01-26 | C83: 1965 | D83: DOORVERBINDINGSET 40A T/M 80A | F83: 3
B84: 28-01-26 | C84: 1951 | D84: PANELHANDEL 800A-1250A-DS-LA31 | F84: 8
B85: 28-01-26 | C85: 1944 | D85: PANEL HANDEL 250A T/M 400A-CD | F85: 8
B86: 28-01-26 | C86: 1946 | D86: PANELHANDEL 500A 800A- DCCLA21 | F86: 15
B87: 28-01-26 | C87: 1961 | D87: DINRAIL KIT VOOR OMSCH 40A/16A | F87: 34
B88: 28-01-26 | C88: 1973 | D88: DIRECT HANDLE 125A-160A-M11 | F88: 26
B89: 28-01-26 | D89: DCCLA 11 | F89: 19
B90: 28-01-26 | C90: 1950 | D90: DIRECT HANDLE 800A-1000A-CD | F90: 9
A92: UBICACIÓN? | B92: 28-01-26 | C92: 1964 | D92: DIRECT HANDLE 630A-800A OMKEER | F92: 9+1
A93: UBICACIÓN? | B93: 28-01-26 | C93: 1943 | D93: DIRECT HANDLE 250A T/M 400A-CD | F93: 12
B97: C-3 | I97: Cajas import | J97: Total | K97: Observaciones
B98: Fecha | C98: Código | D98: Referencia | E98: Cajas | F98: Sueltos | G98: Cajas 0x0 | H98: Sueltos | J98: Unidades
B99: 28-01-26 | C99: 1202 | D99: BERKER SERIE OPB 61300849 | F99: 8
B100: 28-01-26 | C100: 1428 | D100: BERKER DRAAGPL 2-V DATA 454105 | E100: 4
B101: 28-01-26 | C101: 119801 | D101: BERKER COMB SCH/SCHUKO 437605 | E101: 1
B102: 28-01-26 | C102: 1405 | D102: BERKER WIPSCHA UIT/WISS 613036 | E102: 10
B103: 28-01-26 | C103: 1195 | D103: BERKER DUBB SCHUKO IP44 427505 | E103: 7
B104: 28-01-26 | C104: 1480 | D104: BERKER DUBB SCHUKO IP44 427505
B105: 28-01-26 | C105: 1420 | D105: BERKER AFDEKRAAM 1V WD 132809 | E105: 1
B106: 28-01-26 | C106: 1412 | D106: BERKER AFDEKRAAM 2V 10128989 | E106: 6+1
B107: 28-01-26 | C107: 1413 | D107: BERKER AFDEKRAAM 3V 10138989 | E107: 3
B108: 28-01-26 | C108: 1414 | D108: BERKER AFDEKRAAM 4V 10148989 | E108: 6
B109: 28-01-26 | C109: 1418 | D109: BERKER AFDEKPL SERIE 16238989 | E109: 9
B110: 28-01-26 | C110: 14181 | D110: BERKER AFDPL SCHAK2xW 16238989
B111: 28-01-26 | C111: 1415 | D111: BERKER AFDEKRAAM 5V 10158989 | E111: 64 | K111: verificar codigo
B112: 28-01-26 | C112: 1399 | D112: BERKER WIPSCHA 2X/WIS 61303808 | E112: 7
B113: 28-01-26 | C113: 1404 | D113: BERKER WIPPENSCHAK 3x1P 633023 | E113: 6
...

Sheet D3 (M)
B1: Deposito Nro 3
B2: A1 | I2: Cajas import | J2: Total | K2: Observaciones
B3: Fecha | C3: Código | D3: Referencia | E3: Cajas | F3: Sueltos | G3: Cajas 0x0 | H3: Sueltos | J3: Unidades
B4: 29-01-2026 | C4: 1236 | D4: {=IFERROR(_xlfn.XLOOKUP(TEXT(C4,"0000"),TEXT(Catalog!A:A,"0000"),Catalog!B:B),"")} -> CONTRA STEK R/A RUBBER HSKP16G | E4: 6
B5: 29-01-2026 | C5: 1196 | D5: {=IFERROR(_xlfn.XLOOKUP(TEXT(C5,"0000"),TEXT(Catalog!A:A,"0000"),Catalog!B:B),"")} -> WCD EUR ENK R/A OPB WD KOPP | E5: 11
B6: 29-01-2026 | C6: 7158 | D6: {=IFERROR(_xlfn.XLOOKUP(TEXT(C6,"0000"),TEXT(Catalog!A:A,"0000"),Catalog!B:B),"")} -> OPB.STOPCONTACT WD 3160 | E6: 17 | J6: 24
B7: 29-01-2026 | C7: 3252 | D7: {=IFERROR(_xlfn.XLOOKUP(TEXT(C7,"0000"),TEXT(Catalog!A:A,"0000"),Catalog!B:B),"")} -> U-BUIS 40W DL | E7: 1X20 | F7: 4
B8: 29-01-2026 | C8: 493 | D8: {=IFERROR(_xlfn.XLOOKUP(TEXT(C8,"0000"),TEXT(Catalog!A:A,"0000"),Catalog!B:B),"")} -> KABELDOOS EP088 (18100) | E8: 184
B9: 29-01-2026 | C9: 15141 | D9: {=IFERROR(_xlfn.XLOOKUP(TEXT(C9,"0000"),TEXT(Catalog!A:A,"0000"),Catalog!B:B),"")} -> OPBOUW KAST WD CS13PT/RR | E9: 4
B10: 29-01-2026 | C10: 7163 | D10: {=IFERROR(_xlfn.XLOOKUP(TEXT(C10,"0000"),TEXT(Catalog!A:A,"0000"),Catalog!B:B),"")} -> TERMOPLASTIC STEKKER 6428 WIT | E10: 405
B11: 29-01-2026 | C11: 7164 | D11: {=IFERROR(_xlfn.XLOOKUP(TEXT(C11,"0000"),TEXT(Catalog!A:A,"0000"),Catalog!B:B),"")} -> TERMOPLASTIC CONTRA 6707B WIT | E11: 31
B12: 29-01-2026 | C12: 7165 | D12: {=IFERROR(_xlfn.XLOOKUP(TEXT(C12,"0000"),TEXT(Catalog!A:A,"0000"),Catalog!B:B),"")} -> TERMOPLASTIC CONTRA 6707CN | E12: 31
B13: 29-01-2026 | C13: 7160 | D13: {=IFERROR(_xlfn.XLOOKUP(TEXT(C13,"0000"),TEXT(Catalog!A:A,"0000"),Catalog!B:B),"")} -> RUBBER STEKKER 5706C | E13: 17
B14: 29-01-2026 | C14: 7166 | D14: {=IFERROR(_xlfn.XLOOKUP(TEXT(C14,"0000"),TEXT(Catalog!A:A,"0000"),Catalog!B:B),"")} -> TERMOPLASTIC CONTRA 5019 | E14: 9
B15: 29-01-2026 | C15: 7173 | D15: {=IFERROR(_xlfn.XLOOKUP(TEXT(C15,"0000"),TEXT(Catalog!A:A,"0000"),Catalog!B:B),"")} -> TERMOPLASTIC ZIJK STEKKER 6566 | E15: 15
B16: 29-01-2026 | C16: 0494 | D16: {=IFERROR(_xlfn.XLOOKUP(TEXT(C16,"0000"),TEXT(Catalog!A:A,"0000"),Catalog!B:B),"")} -> KABELDOOS EV111(18300) | E16: 2X85 | F16: 44
B19: A2 | I19: Cajas import | J19: Total | K19: Observaciones
B20: Fecha | C20: Código | D20: Referencia | E20: Cajas | F20: Sueltos | G20: Cajas 0x0 | H20: Sueltos | J20: Unidades
B21: 29-01-2026 | C21: 1223 | D21: {=IFERROR(_xlfn.XLOOKUP(TEXT(C21,"0000"),TEXT(Catalog!A:A,"0000"),Catalog!B:B),"")} -> KOPP WCD EUR DUB R/AOPB 74108 | E21: 8+4
B22: 29-01-2026 | C22: 7071 | D22: {=IFERROR(_xlfn.XLOOKUP(TEXT(C22,"0000"),TEXT(Catalog!A:A,"0000"),Catalog!B:B),"")} -> ADER EINDHULS 2.5mm E2508 | E22: 5
B23: 29-01-2026 | C23: 7080 | D23: {=IFERROR(_xlfn.XLOOKUP(TEXT(C23,"0000"),TEXT(Catalog!A:A,"0000"),Catalog!B:B),"")} -> ADER EINDHULS 2X2.5mm TE2510 | E23: 22
B24: 29-01-2026 | C24: 7072 | D24: {=IFERROR(_xlfn.XLOOKUP(TEXT(C24,"0000"),TEXT(Catalog!A:A,"0000"),Catalog!B:B),"")} -> ADER EINDHULS 4mm E4012 | E24: 14
B25: 30-01-2026 | C25: 7081 | D25: {=IFERROR(_xlfn.XLOOKUP(TEXT(C25,"0000"),TEXT(Catalog!A:A,"0000"),Catalog!B:B),"")} -> ADER EINDHULS 2X4mm TE4012 | E25: 6
B26: 30-01-2026 | C26: 7070 | D26: {=IFERROR(_xlfn.XLOOKUP(TEXT(C26,"0000"),TEXT(Catalog!A:A,"0000"),Catalog!B:B),"")} -> ADER EINDHULS 1.5mm E1508 | F26: 29
B27: 30-01-2026 | C27: 7079 | D27: {=IFERROR(_xlfn.XLOOKUP(TEXT(C27,"0000"),TEXT(Catalog!A:A,"0000"),Catalog!B:B),"")} -> ADER EINDHULS 2X1.5mm TE1508 | E27: 3X3000
B28: 30-01-2026 | C28: 7073 | D28: {=IFERROR(_xlfn.XLOOKUP(TEXT(C28,"0000"),TEXT(Catalog!A:A,"0000"),Catalog!B:B),"")} -> ADER EINDHULS 6mm E6012 | E28: 1X1000
B29: 30-01-2026 | C29: 1161 | D29: {=IFERROR(_xlfn.XLOOKUP(TEXT(C29,"0000"),TEXT(Catalog!A:A,"0000"),Catalog!B:B),"")} -> PHOTOCEL 220 VOLT A-1068W | E29: 42
B30: 30-01-2026 | C30: 7083 | D30: {=IFERROR(_xlfn.XLOOKUP(TEXT(C30,"0000"),TEXT(Catalog!A:A,"0000"),Catalog!B:B),"")} -> ADER EINDHULS 2X10mm TE1014 | E30: 22
B31: 30-01-2026 | C31: 1216 | D31: {=IFERROR(_xlfn.XLOOKUP(TEXT(C31,"0000"),TEXT(Catalog!A:A,"0000"),Catalog!B:B),"")} -> TREKKOORTJE 1,9 mtr | E31: 93
B32: 30-01-2026 | C32: 7177 | D32: {=IFERROR(_xlfn.XLOOKUP(TEXT(C32,"0000"),TEXT(Catalog!A:A,"0000"),Catalog!B:B),"")} -> LAMPHOUDER 6511/75 | E32: 7
B33: 30-01-2026 | C33: 1218 | D33: {=IFERROR(_xlfn.XLOOKUP(TEXT(C33,"0000"),TEXT(Catalog!A:A,"0000"),Catalog!B:B),"")} -> TIMER 250V/50Hz WHITE | E33: 7
B34: 30-01-2026 | C34: 3119 | D34: {=IFERROR(_xlfn.XLOOKUP(TEXT(C34,"0000"),TEXT(Catalog!A:A,"0000"),Catalog!B:B),"")} -> SURGE PROTECTOR 127V USB | E34: 21
B35: 30-01-2026 | C35: 1237 | D35: {=IFERROR(_xlfn.XLOOKUP(TEXT(C35,"0000"),TEXT(Catalog!A:A,"0000"),Catalog!B:B),"")} -> VERLOOP STEKKER PEN PL 695 | E35: 1X100
B36: 30-01-2026 | C36: 1242 | D36: {=IFERROR(_xlfn.XLOOKUP(TEXT(C36,"0000"),TEXT(Catalog!A:A,"0000"),Catalog!B:B),"")} -> VERLOOP STEKKER PEN RO 686 | E36: 4
B37: 30-01-2026 | C37: 1593 | D37: {=IFERROR(_xlfn.XLOOKUP(TEXT(C37,"0000"),TEXT(Catalog!A:A,"0000"),Catalog!B:B),"")} -> Terminal bar 2x16mm6x6mm610314 | K37: Bolsa con tornillos
B38: 30-01-2026 | C38: 7084 | D38: {=IFERROR(_xlfn.XLOOKUP(TEXT(C38,"0000"),TEXT(Catalog!A:A,"0000"),Catalog!B:B),"")} -> ADER EINDHULS 2X16mm TE1614 | E38: 100
B39: 30-01-2026 | C39: 7076 | D39: {=IFERROR(_xlfn.XLOOKUP(TEXT(C39,"0000"),TEXT(Catalog!A:A,"0000"),Catalog!B:B),"")} -> ADER EINDHULS 25mm E2516 | E39: 33
B40: 30-01-2026 | C40: 7077 | D40: {=IFERROR(_xlfn.XLOOKUP(TEXT(C40,"0000"),TEXT(Catalog!A:A,"0000"),Catalog!B:B),"")} -> ADER EINDHULS 35mm E3516 | E40: 44x200
B41: 30-01-2026 | C41: 7078 | D41: {=IFERROR(_xlfn.XLOOKUP(TEXT(C41,"0000"),TEXT(Catalog!A:A,"0000"),Catalog!B:B),"")} -> ADER EINDHULS 50mm E5020 | E41: 41x100
B42: 30-01-2026 | C42: 1223 | D42: {=IFERROR(_xlfn.XLOOKUP(TEXT(C42,"0000"),TEXT(Catalog!A:A,"0000"),Catalog!B:B),"")} -> KOPP WCD EUR DUB R/AOPB 74108 | E42: 7
B43: 30-01-2026 | C43: 0408 | D43: {=IFERROR(_xlfn.XLOOKUP(TEXT(C43,"0000"),TEXT(Catalog!A:A,"0000"),Catalog!B:B),"")} -> KABEL EINDHULS 2x4mm ISOLEERT | E43: 12
B44: 30-01-2026 | C44: 7079 | D44: {=IFERROR(_xlfn.XLOOKUP(TEXT(C44,"0000"),TEXT(Catalog!A:A,"0000"),Catalog!B:B),"")} -> ADER EINDHULS 2X1.5mm TE1508 | E44: 2
B45: 30-01-2026 | C45: 0391 | D45: {=IFERROR(_xlfn.XLOOKUP(TEXT(C45,"0000"),TEXT(Catalog!A:A,"0000"),Catalog!B:B),"")} -> MONTAGEBAND 17mm | E45: 12x10
B46: 30-01-2026 | C46: 0390 | D46: {=IFERROR(_xlfn.XLOOKUP(TEXT(C46,"0000"),TEXT(Catalog!A:A,"0000"),Catalog!B:B),"")} -> MONTAGEBAND 12mm | E46: 13x10
B47: 30-01-2026 | C47: 7082 | D47: {=IFERROR(_xlfn.XLOOKUP(TEXT(C47,"0000"),TEXT(Catalog!A:A,"0000"),Catalog!B:B),"")} -> ADER EINDHULS 2X6mm TE6014 | E47: 19x500
B48: 30-01-2026 | C48: 3292 | D48: {=IFERROR(_xlfn.XLOOKUP(TEXT(C48,"0000"),TEXT(Catalog!A:A,"0000"),Catalog!B:B),"")} -> STARTERHOUDER PLAT 125-6 | K48: mirar despues
B49: 30-01-2026 | C49: 3293 | D49: {=IFERROR(_xlfn.XLOOKUP(TEXT(C49,"0000"),TEXT(Catalog!A:A,"0000"),Catalog!B:B),"")} -> STARTERHOUDER CLIP 125-5 | E49: 1x100
B50: 30-01-2026 | C50: 1157 | D50: {=IFERROR(_xlfn.XLOOKUP(TEXT(C50,"0000"),TEXT(Catalog!A:A,"0000"),Catalog!B:B),"")} -> 3 GANG BOX METAAL MSB-3 | F50: 8
B51: 30-01-2026 | C51: 1158 | D51: {=IFERROR(_xlfn.XLOOKUP(TEXT(C51,"0000"),TEXT(Catalog!A:A,"0000"),Catalog!B:B),"")} -> 4 GANG BOX METAAL MSB-4 | E51: 3x10 | F51: 1
B52: 30-01-2026 | C52: 1159 | D52: {=IFERROR(_xlfn.XLOOKUP(TEXT(C52,"0000"),TEXT(Catalog!A:A,"0000"),Catalog!B:B),"")} -> 5 GANG BOX METAAL MSB-5 | E52: 4x10 | F52: 2
B53: 30-01-2026 | C53: 33210 | D53: {=IFERROR(_xlfn.XLOOKUP(TEXT(C53,"0000"),TEXT(Catalog!A:A,"0000"),Catalog!B:B),"")} -> PICKENS LMP 250W PUBLIC 6000K | E53: 3x3
B54: 30-01-2026 | C54: 1651 | D54: {=IFERROR(_xlfn.XLOOKUP(TEXT(C54,"0000"),TEXT(Catalog!A:A,"0000"),Catalog!B:B),"")} -> RAIL COPPER 30X10X2000 48803 | E54: 8
B55: 30-01-2026 | C55: 16510 | D55: {=IFERROR(_xlfn.XLOOKUP(TEXT(C55,"0000"),TEXT(Catalog!A:A,"0000"),Catalog!B:B),"")} -> RAIL COPPER 20X5X1000 48794 | E55: 9
B57: D1 | I57: Cajas import | J57: Total | K57: Observaciones
B58: Fecha | C58: Código | D58: Referencia | E58: Cajas | F58: Sueltos | G58: Cajas 0x0 | H58: Sueltos | J58: Unidades
B59: 46055 | C59: 0489 | D59: {=IFERROR(_xlfn.XLOOKUP(TEXT(C59,"0000"),TEXT(Catalog!A:A,"0000"),Catalog!B:B),"")} -> KABELDOOS 223A | E59: 2x45 | F59: 35
B60: 46055 | C60: 0492 | D60: {=IFERROR(_xlfn.XLOOKUP(TEXT(C60,"0000"),TEXT(Catalog!A:A,"0000"),Catalog!B:B),"")} -> KABELDOOS 224A | E60: 1x14 | F60: 12+2
B61: 46055 | C61: 0487 | D61: {=IFERROR(_xlfn.XLOOKUP(TEXT(C61,"0000"),TEXT(Catalog!A:A,"0000"),Catalog!B:B),"")} -> KABELDOOS 222A | E61: 2x51 | F61: 39
B63: D2 | I63: Cajas import | J63: Total | K63: Observaciones
B64: Fecha | C64: Código | D64: Referencia | E64: Cajas | F64: Sueltos | G64: Cajas 0x0 | H64: Sueltos | J64: Unidades
B65: 46055 | C65: 0311 | D65: {=IFERROR(_xlfn.XLOOKUP(TEXT(C65,"0000"),TEXT(Catalog!A:A,"0000"),Catalog!B:B),"")} -> MOFFEN 5/8" | E65: 6x800
B66: 46055 | C66: 7181 | D66: {=IFERROR(_xlfn.XLOOKUP(TEXT(C66,"0000"),TEXT(Catalog!A:A,"0000"),Catalog!B:B),"")} -> BASE MULTI 6 TOMAS 8016 IL | E66: 1x14 | F66: 3
B67: 46055 | C67: 7180 | D67: {=IFERROR(_xlfn.XLOOKUP(TEXT(C67,"0000"),TEXT(Catalog!A:A,"0000"),Catalog!B:B),"")} -> BASE MULTI 5 TOMAS 8015 IL | F67: 11
B68: 46055 | C68: 7179 | D68: {=IFERROR(_xlfn.XLOOKUP(TEXT(C68,"0000"),TEXT(Catalog!A:A,"0000"),Catalog!B:B),"")} -> BASE MULTI 4 TOMAS 8014 IL | F68: 13
B69: 46055 | C69: 3291 | D69: {=IFERROR(_xlfn.XLOOKUP(TEXT(C69,"0000"),TEXT(Catalog!A:A,"0000"),Catalog!B:B),"")} -> STARTER 4-65W S10 | E69: 60x25 | F69: 17x25 | K69: 3 cajas de 20 entonces 60?
B70: 46055 | C70: 3290 | D70: {=IFERROR(_xlfn.XLOOKUP(TEXT(C70,"0000"),TEXT(Catalog!A:A,"0000"),Catalog!B:B),"")} -> STARTER 4-22W | E70: 40x25 | F70: 16x25 | K70: 2 cajas de 20 entonces 40?
B71: 46055 | C71: 3202 | D71: {=IFERROR(_xlfn.XLOOKUP(TEXT(C71,"0000"),TEXT(Catalog!A:A,"0000"),Catalog!B:B),"")} -> HALOGEENLAMP 1000W 127 VOLT | E71: 4x50 2x25
B72: 46055 | C72: 7135 | D72: {=IFERROR(_xlfn.XLOOKUP(TEXT(C72,"0000"),TEXT(Catalog!A:A,"0000"),Catalog!B:B),"")} -> HALOGEENLAMP 1500W | E72: 3x50 | F72: 86
B73: 46055 | C73: 7134 | D73: {=IFERROR(_xlfn.XLOOKUP(TEXT(C73,"0000"),TEXT(Catalog!A:A,"0000"),Catalog!B:B),"")} -> HALOGEENLAMP 1000W | E73: 6x50 | F73: 22
B74: 46055 | C74: 7133 | D74: {=IFERROR(_xlfn.XLOOKUP(TEXT(C74,"0000"),TEXT(Catalog!A:A,"0000"),Catalog!B:B),"")} -> HALOGEEN LAMP 500W | E74: 4x100 | F74: 95
B75: 46055 | C75: 7139 | D75: {=IFERROR(_xlfn.XLOOKUP(TEXT(C75,"0000"),TEXT(Catalog!A:A,"0000"),Catalog!B:B),"")} -> HPLN LAMP 400W OSRAM | E75: 1x12 | F75: 1
B76: 46055 | C76: 3206 | D76: {=IFERROR(_xlfn.XLOOKUP(TEXT(C76,"0000"),TEXT(Catalog!A:A,"0000"),Catalog!B:B),"")} -> HALOGEENLAMP 1500W 220 VOLT | F76: 134
B77: 46055 | C77: 7100 | D77: {=IFERROR(_xlfn.XLOOKUP(TEXT(C77,"0000"),TEXT(Catalog!A:A,"0000"),Catalog!B:B),"")} -> PL-U 2pins 7W 127v/6400k | E77: 3x50
B78: 46055 | C78: 3249 | D78: {=IFERROR(_xlfn.XLOOKUP(TEXT(C78,"0000"),TEXT(Catalog!A:A,"0000"),Catalog!B:B),"")} -> SPIRALLAMP 20W 110-130V 50Hz | E78: 1x10
B80: D3 | I80: Cajas import | J80: Total | K80: Observaciones
B81: Fecha | C81: Código | D81: Referencia | E81: Cajas | F81: Sueltos | G81: Cajas 0x0 | H81: Sueltos | J81: Unidades
B82: 30-01-2026 | C82: 3270 | D82: {=IFERROR(_xlfn.XLOOKUP(TEXT(C82,"0000"),TEXT(Catalog!A:A,"0000"),Catalog!B:B),"")} -> PICKENS 10W LED BULB | F82: 5
B83: 30-01-2026 | C83: 3104 | D83: {=IFERROR(_xlfn.XLOOKUP(TEXT(C83,"0000"),TEXT(Catalog!A:A,"0000"),Catalog!B:B),"")} -> FOCO LED A19 6W 540LM 6500K | E83: 12x4
B84: 30-01-2026 | C84: 15095 | D84: {=IFERROR(_xlfn.XLOOKUP(TEXT(C84,"0000"),TEXT(Catalog!A:A,"0000"),Catalog!B:B),"")} -> INB CT338 (404 X 404 X120) | E84: 2
B85: 30-01-2026 | C85: 3104 | D85: {=IFERROR(_xlfn.XLOOKUP(TEXT(C85,"0000"),TEXT(Catalog!A:A,"0000"),Catalog!B:B),"")} -> FOCO LED A19 6W 540LM 6500K | E85: 60x4 | F85: 17x4
B86: 30-01-2026 | C86: 3263 | D86: {=IFERROR(_xlfn.XLOOKUP(TEXT(C86,"0000"),TEXT(Catalog!A:A,"0000"),Catalog!B:B),"")} -> PICKENS 6W LED BULB 6500 K | E86: 4x100
B87: 30-01-2026 | C87: 3194 | D87: {=IFERROR(_xlfn.XLOOKUP(TEXT(C87,"0000"),TEXT(Catalog!A:A,"0000"),Catalog!B:B),"")} -> GLOEILAMP 100WATT CLEAR | E87: 51x2
B88: 30-01-2026 | C88: 3249 | D88: {=IFERROR(_xlfn.XLOOKUP(TEXT(C88,"0000"),TEXT(Catalog!A:A,"0000"),Catalog!B:B),"")} -> SPIRALLAMP 20W 110-130V 50Hz | F88: 4
B89: 30-01-2026 | C89: 3199 | D89: {=IFERROR(_xlfn.XLOOKUP(TEXT(C89,"0000"),TEXT(Catalog!A:A,"0000"),Catalog!B:B),"")} -> GLOEILAMP 100WATT FROSTED | F89: 10x2
B90: 30-01-2026 | C90: 3195 | D90: {=IFERROR(_xlfn.XLOOKUP(TEXT(C90,"0000"),TEXT(Catalog!A:A,"0000"),Catalog!B:B),"")} -> GLOEILAMP 25WATT FROSTED | F90: 1x2
B91: 30-01-2026 | C91: 7112 | D91: {=IFERROR(_xlfn.XLOOKUP(TEXT(C91,"0000"),TEXT(Catalog!A:A,"0000"),Catalog!B:B),"")} -> ESL 211 20W SPIRAAL 127V | F91: 43
B92: 30-01-2026 | C92: 7102 | D92: {=IFERROR(_xlfn.XLOOKUP(TEXT(C92,"0000"),TEXT(Catalog!A:A,"0000"),Catalog!B:B),"")} -> ESL 305 SLIM 7W SPIRAAL 127V | F92: 43
B93: 30-01-2026 | C93: 3261 | D93: {=IFERROR(_xlfn.XLOOKUP(TEXT(C93,"0000"),TEXT(Catalog!A:A,"0000"),Catalog!B:B),"")} -> TL-BUIS 32W DL ROND | F93: 14
B94: 30-01-2026 | C94: 3245 | D94: {=IFERROR(_xlfn.XLOOKUP(TEXT(C94,"0000"),TEXT(Catalog!A:A,"0000"),Catalog!B:B),"")} -> PL LAMP 13 WATT | E94: 1x50
B95: 30-01-2026 | C95: 3244 | D95: {=IFERROR(_xlfn.XLOOKUP(TEXT(C95,"0000"),TEXT(Catalog!A:A,"0000"),Catalog!B:B),"")} -> PL LAMP 9 WATT | E95: 3x10
B96: 30-01-2026 | C96: 3243 | D96: {=IFERROR(_xlfn.XLOOKUP(TEXT(C96,"0000"),TEXT(Catalog!A:A,"0000"),Catalog!B:B),"")} -> PL LAMP 7 WATT | E96: 3x10
B97: 30-01-2026 | C97: 3242 | D97: {=IFERROR(_xlfn.XLOOKUP(TEXT(C97,"0000"),TEXT(Catalog!A:A,"0000"),Catalog!B:B),"")} -> PL LAMP 5 WATT | E97: 4x10
B98: 30-01-2026 | C98: 3196 | D98: {=IFERROR(_xlfn.XLOOKUP(TEXT(C98,"0000"),TEXT(Catalog!A:A,"0000"),Catalog!B:B),"")} -> GLOEILAMP 40WATT FROSTED | E98: 36x2 | J98: =36*2 -> 72
B99: 30-01-2026 | C99: 3200 | D99: {=IFERROR(_xlfn.XLOOKUP(TEXT(C99,"0000"),TEXT(Catalog!A:A,"0000"),Catalog!B:B),"")} -> HALOGEENLAMP 300W 127 VOLT | E99: 6x10
B100: 30-01-2026 | C100: 3010 | D100: {=IFERROR(_xlfn.XLOOKUP(TEXT(C100,"0000"),TEXT(Catalog!A:A,"0000"),Catalog!B:B),"")} -> BUIGVEER 5/8" 1 mtr | F100: 13
B101: 30-01-2026 | C101: 3013 | D101: {=IFERROR(_xlfn.XLOOKUP(TEXT(C101,"0000"),TEXT(Catalog!A:A,"0000"),Catalog!B:B),"")} -> BUIGVEER 5/8" 2 mtr | F101: 3
B104: D4 | I104: Cajas import | J104: Total | K104: Observaciones
B105: Fecha | C105: Código | D105: Referencia | E105: Cajas | F105: Sueltos | G105: Cajas 0x0 | H105: Sueltos | J105: Unidades
B106: 30-01-2026 | C106: 1333 | D106: {=IFERROR(_xlfn.XLOOKUP(TEXT(C106,"0000"),TEXT(Catalog!A:A,"0000"),Catalog!B:B),"")} -> MOERKLEM APC 50/70 | F106: 60x25
B107: 30-01-2026 | C107: 1362 | D107: {=IFERROR(_xlfn.XLOOKUP(TEXT(C107,"0000"),TEXT(Catalog!A:A,"0000"),Catalog!B:B),"")} -> SPAANPLAAT SCHR.3.9x25 (1x8) | F107: 9x25
...

Sheet D4 (M)
B1: Deposito Nro 4
B2: ? | I2: Cajas import | J2: Total | K2: Observaciones | M2: IFERROR(XLOOKUP(TEXT(C4,"0000"),TEXT(Catalog!A:A,"0000"),Catalog!B:B),"")
B3: Fecha | C3: Código | D3: Referencia | E3: Cajas | F3: Sueltos | G3: Cajas 0x0 | H3: Sueltos | J3: Unidades | M3: XLOOKUP(TRIM(CLEAN(TEXT(C4,"@"))),TRIM(CLEAN(Catalog!A:A)),Catalog!B:B)
B4: 46083 | C4: 3322 | D4: {=IFERROR(_xlfn.XLOOKUP(TEXT(C4,"0000"),TEXT(Catalog!A:A,"0000"),Catalog!B:B),"")} -> PICKENS RECHARGEABLE LED LIGHT | F4: 36
B5: 46083 | C5: 1652 | D5: {=IFERROR(_xlfn.XLOOKUP(TEXT(C5,"0000"),TEXT(Catalog!A:A,"0000"),Catalog!B:B),"")} -> IDE AARDE 48452 KIT TIERRA | F5: 6
B6: 46083 | C6: 7187 | D6: {=IFERROR(_xlfn.XLOOKUP(TEXT(C6,"0000"),TEXT(Catalog!A:A,"0000"),Catalog!B:B),"")} -> INB.KAST MP56 METALBOX
B7: 46083 | C7: 1654 | D7: {=IFERROR(_xlfn.XLOOKUP(TEXT(C7,"0000"),TEXT(Catalog!A:A,"0000"),Catalog!B:B),"")} -> OPBOUWKAST IDE ARM.40COM120 | E7: 7X1
D8: )
B9: A1 | I9: Cajas import | J9: Total | K9: Observaciones
B10: Fecha | C10: Código | D10: Referencia | E10: Cajas | F10: Sueltos | G10: Cajas 0x0 | H10: Sueltos | J10: Unidades
B11: 46083 | C11: 0560 | D11: {=IFERROR(_xlfn.XLOOKUP(TEXT(C11,"0000"),TEXT(Catalog!A:A,"0000"),Catalog!B:B),"")} -> MOER PG 13,5 | F11: 94X50
B12: 46083 | C12: 0550 | D12: {=IFERROR(_xlfn.XLOOKUP(TEXT(C12,"0000"),TEXT(Catalog!A:A,"0000"),Catalog!B:B),"")} -> PG 13,5 + MOER | F12: 31X50
B14: A2 | I14: Cajas import | J14: Total | K14: Observaciones
B15: Fecha | C15: Código | D15: Referencia | E15: Cajas | F15: Sueltos | G15: Cajas 0x0 | H15: Sueltos | J15: Unidades
B16: 46083 | C16: 12431 | D16: {=IFERROR(_xlfn.XLOOKUP(TEXT(C16,"0000"),TEXT(Catalog!A:A,"0000"),Catalog!B:B),"")} -> CEE-FORM STEKKER 2P+E16A-02101 | E16: 1x12 | F16: 5
B17: 46083 | C17: 1249 | D17: {=IFERROR(_xlfn.XLOOKUP(TEXT(C17,"0000"),TEXT(Catalog!A:A,"0000"),Catalog!B:B),"")} -> CEE-FOR STEK 2P+E16A IP67-2601 | E17: 5x6 | F17: 3
B18: 46083 | C18: 1246 | D18: {=IFERROR(_xlfn.XLOOKUP(TEXT(C18,"0000"),TEXT(Catalog!A:A,"0000"),Catalog!B:B),"")} -> CEE-FORM STEK 2P+E 32A-02104 | E18: 5x8
B19: 46083 | C19: 12521 | D19: {=IFERROR(_xlfn.XLOOKUP(TEXT(C19,"0000"),TEXT(Catalog!A:A,"0000"),Catalog!B:B),"")} -> CEE-FORM STEK 2P+E 32A 02604 | E19: 2x5 | F19: 2
B20: 46083 | C20: 12441 | D20: {=IFERROR(_xlfn.XLOOKUP(TEXT(C20,"0000"),TEXT(Catalog!A:A,"0000"),Catalog!B:B),"")} -> CEE-FORM STEKKER 3P+E16A-03102 | E20: 1x10 | F20: 8
B21: 46083 | C21: 12451 | D21: {=IFERROR(_xlfn.XLOOKUP(TEXT(C21,"0000"),TEXT(Catalog!A:A,"0000"),Catalog!B:B),"")} -> CEE-FORM STEK 3P+N+E 16A-03103 | E21: 3x10 | F21: 1
B22: 46083 | C22: 1247 | D22: {=IFERROR(_xlfn.XLOOKUP(TEXT(C22,"0000"),TEXT(Catalog!A:A,"0000"),Catalog!B:B),"")} -> CEE-FORM STEK 3P+E 32A-03105 | E22: 1x8 | F22: 4
B23: 46083 | C23: 1248 | D23: {=IFERROR(_xlfn.XLOOKUP(TEXT(C23,"0000"),TEXT(Catalog!A:A,"0000"),Catalog!B:B),"")} -> CEE-FORM STEK 3P+N+E 32A-03106 | E23: 3x10
B24: 46083 | C24: 12501 | D24: {=IFERROR(_xlfn.XLOOKUP(TEXT(C24,"0000"),TEXT(Catalog!A:A,"0000"),Catalog!B:B),"")} -> CEE-FOR STEK3P+E 16A IP67 3602 | E24: 5x6 | F24: 2
B26: A3 | I26: Cajas import | J26: Total | K26: Observaciones
B27: Fecha | C27: Código | D27: Referencia | E27: Cajas | F27: Sueltos | G27: Cajas 0x0 | H27: Sueltos | J27: Unidades
B28: 46083 | C28: 12541 | D28: {=IFERROR(_xlfn.XLOOKUP(TEXT(C28,"0000"),TEXT(Catalog!A:A,"0000"),Catalog!B:B),"")} -> CEE-FORM -WCD 2P+E 16A-02321 | E28: 1x10 | F28: 6
B29: 46083 | C29: 12601 | D29: {=IFERROR(_xlfn.XLOOKUP(TEXT(C29,"0000"),TEXT(Catalog!A:A,"0000"),Catalog!B:B),"")} -> CEE-FORM WCD 2P+E 16A -02821 | E29: 3x6 | F29: 5
B30: 46083 | C30: 12551 | D30: {=IFERROR(_xlfn.XLOOKUP(TEXT(C30,"0000"),TEXT(Catalog!A:A,"0000"),Catalog!B:B),"")} -> CEE-FORM WCD 3P+E 16A-03322 | E30: 2x10
B31: 46083 | C31: 12603 | D31: {=IFERROR(_xlfn.XLOOKUP(TEXT(C31,"0000"),TEXT(Catalog!A:A,"0000"),Catalog!B:B),"")} -> CEE-FORM WCD 3P+N+E 16A 03823 | F31: 2
B32: 46083 | C32: 12602 | D32: {=IFERROR(_xlfn.XLOOKUP(TEXT(C32,"0000"),TEXT(Catalog!A:A,"0000"),Catalog!B:B),"")} -> CEE-FORM WCD 3P+E 16A -03822 | E32: 1x5 | F32: 3
B33: 46083 | C33: 12561 | D33: {=IFERROR(_xlfn.XLOOKUP(TEXT(C33,"0000"),TEXT(Catalog!A:A,"0000"),Catalog!B:B),"")} -> CEE-FORM WCD 3P+N+E 16A-03323 | E33: 1x10 | F33: 7
B35: A4 | I35: Cajas import | J35: Total | K35: Observaciones
B36: Fecha | C36: Código | D36: Referencia | E36: Cajas | F36: Sueltos | G36: Cajas 0x0 | H36: Sueltos | J36: Unidades
B37: 46083 | C37: 12533 | D37: {=IFERROR(_xlfn.XLOOKUP(TEXT(C37,"0000"),TEXT(Catalog!A:A,"0000"),Catalog!B:B),"")} -> CEE-FORM STEK 3P+E 63A 03652 | E37: 11x2 | F37: 1
B38: 46083 | C38: 1277 | D38: {=IFERROR(_xlfn.XLOOKUP(TEXT(C38,"0000"),TEXT(Catalog!A:A,"0000"),Catalog!B:B),"")} -> CEE-FORM CONN 3P+E 63A 03752 | E38: 9x2 | F38: 1
B40: A5 | I40: Cajas import | J40: Total | K40: Observaciones
B41: Fecha | C41: Código | D41: Referencia | E41: Cajas | F41: Sueltos | G41: Cajas 0x0 | H41: Sueltos | J41: Unidades
B42: 46083 | C42: 0554 | D42: {=IFERROR(_xlfn.XLOOKUP(TEXT(C42,"0000"),TEXT(Catalog!A:A,"0000"),Catalog!B:B),"")} -> PG 36 | E42: 21x10
B43: 46083 | C43: 0565 | D43: {=IFERROR(_xlfn.XLOOKUP(TEXT(C43,"0000"),TEXT(Catalog!A:A,"0000"),Catalog!B:B),"")} -> MOER PG 48 | E43: 42x5 y 9x10 | K43: Complemento y tuerca
B44: 46083 | C44: 0547 | D44: {=IFERROR(_xlfn.XLOOKUP(TEXT(C44,"0000"),TEXT(Catalog!A:A,"0000"),Catalog!B:B),"")} -> PG+MOER M16 | E44: 13x50
B45: 46083 | C45: 0548 | D45: {=IFERROR(_xlfn.XLOOKUP(TEXT(C45,"0000"),TEXT(Catalog!A:A,"0000"),Catalog!B:B),"")} -> PG+MOER M20 | E45: 22x50
B46: 46114 | C46: 0549 | D46: {=IFERROR(_xlfn.XLOOKUP(TEXT(C46,"0000"),TEXT(Catalog!A:A,"0000"),Catalog!B:B),"")} -> PG+MOER M25 | E46: 42x20
B48: A6 | I48: Cajas import | J48: Total | K48: Observaciones
B49: Fecha | C49: Código | D49: Referencia | E49: Cajas | F49: Sueltos | G49: Cajas 0x0 | H49: Sueltos | J49: Unidades
B50: 46114 | C50: 1262 | D50: {=IFERROR(_xlfn.XLOOKUP(TEXT(C50,"0000"),TEXT(Catalog!A:A,"0000"),Catalog!B:B),"")} -> CEE-FORM CONN 3P+E 16A-03202 | E50: 1x10 | F50: 8
B51: 46114 | C51: 1274 | D51: {=IFERROR(_xlfn.XLOOKUP(TEXT(C51,"0000"),TEXT(Catalog!A:A,"0000"),Catalog!B:B),"")} -> CEE-FORM CONN 2P+E 32A 02704 | E51: 4x5
B52: 46114 | C52: 1264 | D52: {=IFERROR(_xlfn.XLOOKUP(TEXT(C52,"0000"),TEXT(Catalog!A:A,"0000"),Catalog!B:B),"")} -> CEE-FORM CONN 2P+E 32A-02204 | E52: 2x8
B53: 46114 | C53: 1271 | D53: {=IFERROR(_xlfn.XLOOKUP(TEXT(C53,"0000"),TEXT(Catalog!A:A,"0000"),Catalog!B:B),"")} -> CEE-FORM CONN 2P+E 16A 02701 | E53: 4x6
B54: 46114 | C54: 1261 | D54: {=IFERROR(_xlfn.XLOOKUP(TEXT(C54,"0000"),TEXT(Catalog!A:A,"0000"),Catalog!B:B),"")} -> CEE-FORM CONN 2P+E 16A-02201 | E54: 2x12 | F54: 6
B55: 46114 | C55: 12532 | D55: {=IFERROR(_xlfn.XLOOKUP(TEXT(C55,"0000"),TEXT(Catalog!A:A,"0000"),Catalog!B:B),"")} -> CEE-FORM STEK 3P+N+E 32A 3606 | E55: 2x5 | F55: 4
B56: 46114 | C56: 12531 | D56: {=IFERROR(_xlfn.XLOOKUP(TEXT(C56,"0000"),TEXT(Catalog!A:A,"0000"),Catalog!B:B),"")} -> CEE-FORM STEK 3P+E 32A 03605 | E56: 9x5
B57: 46114 | C57: 12511 | D57: {=IFERROR(_xlfn.XLOOKUP(TEXT(C57,"0000"),TEXT(Catalog!A:A,"0000"),Catalog!B:B),"")} -> CEE-FORM STEK 3P+N+E 16A 03603 | E57: 5x6 | F57: 4
B61: A7 | I61: Cajas import | J61: Total | K61: Observaciones
B62: Fecha | C62: Código | D62: Referencia | E62: Cajas | F62: Sueltos | G62: Cajas 0x0 | H62: Sueltos | J62: Unidades
B63: 46114 | C63: 12581 | D63: {=IFERROR(_xlfn.XLOOKUP(TEXT(C63,"0000"),TEXT(Catalog!A:A,"0000"),Catalog!B:B),"")} -> CEE-FORM WCD 3P+E 32A-3325 | E63: 4x6
B64: 46114 | C64: 12591 | D64: {=IFERROR(_xlfn.XLOOKUP(TEXT(C64,"0000"),TEXT(Catalog!A:A,"0000"),Catalog!B:B),"")} -> CEE-FORM WCD 3P+N+T 32A-03326 | E64: 4x6 | F64: 10
B65: 46114 | C65: 1284 | D65: {=IFERROR(_xlfn.XLOOKUP(TEXT(C65,"0000"),TEXT(Catalog!A:A,"0000"),Catalog!B:B),"")} -> CEE-FORM SCH-WCD 3P+E16A 03832 | E65: 9x1
B66: 46114 | C66: 12605 | D66: {=IFERROR(_xlfn.XLOOKUP(TEXT(C66,"0000"),TEXT(Catalog!A:A,"0000"),Catalog!B:B),"")} -> CEE-FORM WCD 3P+E 32A -03825 | E66: 2x6 | F66: 5
B67: 46114 | C67: 1285 | D67: {=IFERROR(_xlfn.XLOOKUP(TEXT(C67,"0000"),TEXT(Catalog!A:A,"0000"),Catalog!B:B),"")} -> CEE-FORM WCD 3P+N+E 16A-03363 | E67: 21x1
B69: A8 | I69: Cajas import | J69: Total | K69: Observaciones
B70: Fecha | C70: Código | D70: Referencia | E70: Cajas | F70: Sueltos | G70: Cajas 0x0 | H70: Sueltos | J70: Unidades
B71: 46114 | C71: 1283 | D71: {=IFERROR(_xlfn.XLOOKUP(TEXT(C71,"0000"),TEXT(Catalog!A:A,"0000"),Catalog!B:B),"")} -> CEE-FORM SCH-WCD3P+E 16A-03362 | E71: 15x1
B72: 46114 | C72: 1282 | D72: {=IFERROR(_xlfn.XLOOKUP(TEXT(C72,"0000"),TEXT(Catalog!A:A,"0000"),Catalog!B:B),"")} -> CEE-FORM SCH-WCD2P+E 16A 02831 | E72: 12x1
B73: 46114 | C73: 1281 | D73: {=IFERROR(_xlfn.XLOOKUP(TEXT(C73,"0000"),TEXT(Catalog!A:A,"0000"),Catalog!B:B),"")} -> CEE-FORM SCH-WCD 2P+E 16A-0236 | E73: 22x1
B74: 46114 | C74: 1293 | D74: {=IFERROR(_xlfn.XLOOKUP(TEXT(C74,"0000"),TEXT(Catalog!A:A,"0000"),Catalog!B:B),"")} -> CEE-FORM WCD 3P+E 63A-03882 | E74: 4x1
B75: 46114 | C75: 12607 | D75: {=IFERROR(_xlfn.XLOOKUP(TEXT(C75,"0000"),TEXT(Catalog!A:A,"0000"),Catalog!B:B),"")} -> CEE-FORM WCD 3P+E 63A 03872 | E75: 6x2 y 6x1 | K75: 2 Cjas diferentes
B77: A9 | I77: Cajas import | J77: Total | K77: Observaciones
B78: Fecha | C78: Código | D78: Referencia | E78: Cajas | F78: Sueltos | G78: Cajas 0x0 | H78: Sueltos | J78: Unidades
B79: 46114 | C79: 0557 | D79: {=IFERROR(_xlfn.XLOOKUP(TEXT(C79,"0000"),TEXT(Catalog!A:A,"0000"),Catalog!B:B),"")} -> PG+MOER M40 | E79: 63x10
B80: 46114 | C80: 0558 | D80: {=IFERROR(_xlfn.XLOOKUP(TEXT(C80,"0000"),TEXT(Catalog!A:A,"0000"),Catalog!B:B),"")} -> PG+MOER M50 | E80: 12x5
B81: 46114 | C81: 0559 | D81: {=IFERROR(_xlfn.XLOOKUP(TEXT(C81,"0000"),TEXT(Catalog!A:A,"0000"),Catalog!B:B),"")} -> PG+MOER M63 | E81: 24x5
B82: 46114 | C82: 0549 | D82: {=IFERROR(_xlfn.XLOOKUP(TEXT(C82,"0000"),TEXT(Catalog!A:A,"0000"),Catalog!B:B),"")} -> PG+MOER M25 | E82: 2x800
B84: A10 | I84: Cajas import | J84: Total | K84: Observaciones
B85: Fecha | C85: Código | D85: Referencia | E85: Cajas | F85: Sueltos | G85: Cajas 0x0 | H85: Sueltos | J85: Unidades
B86: 46114 | C86: 1276 | D86: {=IFERROR(_xlfn.XLOOKUP(TEXT(C86,"0000"),TEXT(Catalog!A:A,"0000"),Catalog!B:B),"")} -> CEE-FORM CONN 3P+N+E 32A 03706 | E86: 3x5 | F86: 2
B87: 46114 | C87: 1275 | D87: {=IFERROR(_xlfn.XLOOKUP(TEXT(C87,"0000"),TEXT(Catalog!A:A,"0000"),Catalog!B:B),"")} -> CEE-FORM CONN 3P+E 32A 03705 | E87: 2x5 | F87: 4
B88: 46114 | C88: 1269 | D88: {=IFERROR(_xlfn.XLOOKUP(TEXT(C88,"0000"),TEXT(Catalog!A:A,"0000"),Catalog!B:B),"")} -> CEE-FORM CONN 3P+E 32A-03205 | E88: 3x8 | F88: 4
B89: 46114 | C89: 1270 | D89: {=IFERROR(_xlfn.XLOOKUP(TEXT(C89,"0000"),TEXT(Catalog!A:A,"0000"),Catalog!B:B),"")} -> CEE-FORM CONN 3P+N+T 32A-03206 | E89: 4x8 | F89: 2
B90: 46114 | C90: 1273 | D90: {=IFERROR(_xlfn.XLOOKUP(TEXT(C90,"0000"),TEXT(Catalog!A:A,"0000"),Catalog!B:B),"")} -> CEE-FORM CONN 3P+N+E 16A 03703 | E90: 1x6 | F90: 4
B91: 46114 | C91: 1263 | D91: {=IFERROR(_xlfn.XLOOKUP(TEXT(C91,"0000"),TEXT(Catalog!A:A,"0000"),Catalog!B:B),"")} -> CEE-FORM CONN 3P+N+E 16A-03203 | E91: 1x10 | F91: 2
B92: 46114 | C92: 1272 | D92: {=IFERROR(_xlfn.XLOOKUP(TEXT(C92,"0000"),TEXT(Catalog!A:A,"0000"),Catalog!B:B),"")} -> CEE-FORM CONN 3P+E 16A 03702 | E92: 2x6
B94: A11 | I94: Cajas import | J94: Total | K94: Observaciones
B95: Fecha | C95: Código | D95: Referencia | E95: Cajas | F95: Sueltos | G95: Cajas 0x0 | H95: Sueltos | J95: Unidades
B96: 46114 | C96: 1286 | D96: {=IFERROR(_xlfn.XLOOKUP(TEXT(C96,"0000"),TEXT(Catalog!A:A,"0000"),Catalog!B:B),"")} -> CEE-FORM WCD 3P+N+E 16A 03833 | E96: 17
B97: 46114 | C97: 1287 | D97: {=IFERROR(_xlfn.XLOOKUP(TEXT(C97,"0000"),TEXT(Catalog!A:A,"0000"),Catalog!B:B),"")} -> CEE-FORM WCD 2P+E 32A -02364 | E97: 21
B98: 46114 | C98: 1288 | D98: {=IFERROR(_xlfn.XLOOKUP(TEXT(C98,"0000"),TEXT(Catalog!A:A,"0000"),Catalog!B:B),"")} -> CEE-FORM WCD 2P+E 32A 02834 | E98: 21
B99: 46114 | C99: 1289 | D99: {=IFERROR(_xlfn.XLOOKUP(TEXT(C99,"0000"),TEXT(Catalog!A:A,"0000"),Catalog!B:B),"")} -> CEE-FORM WCD 3P+E 32A 03365 | E99: 21
B100: 46114 | C100: 1290 | D100: {=IFERROR(_xlfn.XLOOKUP(TEXT(C100,"0000"),TEXT(Catalog!A:A,"0000"),Catalog!B:B),"")} -> CEE-FORM WCD 3P+E 32A 03835 | E100: 12
B101: 46114 | C101: 1291 | D101: {=IFERROR(_xlfn.XLOOKUP(TEXT(C101,"0000"),TEXT(Catalog!A:A,"0000"),Catalog!B:B),"")} -> CEE-FORM WCD 3P+N+E 32A-03366 | E101: 17
B102: 46114 | C102: 1292 | D102: {=IFERROR(_xlfn.XLOOKUP(TEXT(C102,"0000"),TEXT(Catalog!A:A,"0000"),Catalog!B:B),"")} -> CEE-FORM WCD 3P+N+E 32A-03836 | E102: 7 | K102: 3836
B104: A12 | I104: Cajas import | J104: Total | K104: Observaciones
B105: Fecha | C105: Código | D105: Referencia | E105: Cajas | F105: Sueltos | G105: Cajas 0x0 | H105: Sueltos | J105: Unidades
B106: 46114 | C106: 1260 | D106: {=IFERROR(_xlfn.XLOOKUP(TEXT(C106,"0000"),TEXT(Catalog!A:A,"0000"),Catalog!B:B),"")} -> *******CEE-FORM WCD 63A - 3P+A | E106: 9x5 | F106: 3
B107: 46114 | C107: 1253 | D107: {=IFERROR(_xlfn.XLOOKUP(TEXT(C107,"0000"),TEXT(Catalog!A:A,"0000"),Catalog!B:B),"")} -> CEE-FORM STEKK 125A - 3P+N+A | F107: 4
B108: 46114 | C108: 1245 | D108: {=IFERROR(_xlfn.XLOOKUP(TEXT(C108,"0000"),TEXT(Catalog!A:A,"0000"),Catalog!B:B),"")} -> ******CEE-FORM STEKK 63A -3P+A | E108: 8x5 | F108: 5
B109: 46114 | C109: 1267 | D109: {=IFERROR(_xlfn.XLOOKUP(TEXT(C109,"0000"),TEXT(Catalog!A:A,"0000"),Catalog!B:B),"")} -> *****CEE-FORM CONN 63A -3P + A | E109: 5x5 | F109: 1
B111: C9 | I111: Cajas import | J111: Total | K111: Observaciones
B112: Fecha | C112: Código | D112: Referencia | E112: Cajas | F112: Sueltos | G112: Cajas 0x0 | H112: Sueltos | J112: Unidades
B113: 46114 | C113: 3328 | D113: {=IFERROR(_xlfn.XLOOKUP(TEXT(C113,"0000"),TEXT(Catalog!A:A,"0000"),Catalog!B:B),"")} -> PICKENS LED ORNEMENT WD 2X18W | E113: 2X30
B114: 46114 | C114: 1808 | D114: {=IFERROR(_xlfn.XLOOKUP(TEXT(C114,"0000"),TEXT(Catalog!A:A,"0000"),Catalog!B:B),"")} -> CA-86A CAJA VACIA TAPA TRANSP | E114: 5X1
...

Sheet D1 (V) Fixed
D1: Deposito Nro 1
D2: B-4 | L2: Total
A3: counter_name | B3: deposit_id | C3: rack_id | D3: count_date | E3: codeitem | F3: Referencia | G3: boxqty | H3: boxunitqty | I3: boxunittotal | J3: magazijn | K3: winkel | L3: total
A4: VICTORIA | B4: 1 | C4: 16 | D4: 26-01-2026 | E4: 4040 | F4: {=IFERROR(_xlfn.XLOOKUP(TEXT(E4,"0000"),TEXT(Catalog!A:A,"0000"),Catalog!B:B),"")} -> SINGLE POLE SWITCH 37011 OPB | G4: 2 | H4: 100 | I4: =G4*H4 -> 200 | J4: 1 | K4: 0 | L4: =I4+J4+K4 -> 201
A5: VICTORIA | B5: 1 | C5: 16 | D5: 26-01-2026 | E5: 4042 | F5: {=IFERROR(_xlfn.XLOOKUP(TEXT(E5,"0000"),TEXT(Catalog!A:A,"0000"),Catalog!B:B),"")} -> TWO-WAY SWITCH 37071 OPB | G5: 24 | H5: 1 | I5: =G5*H5 -> 24 | J5: 0 | K5: 0 | L5: =I5+J5+K5 -> 24
A6: VICTORIA | B6: 1 | C6: 16 | D6: 26-01-2026 | E6: 4041 | F6: {=IFERROR(_xlfn.XLOOKUP(TEXT(E6,"0000"),TEXT(Catalog!A:A,"0000"),Catalog!B:B),"")} -> TWO CIRCUITS SWITCH 37061 OPB | G6: 31 | H6: 1 | I6: =G6*H6 -> 31 | J6: 0 | K6: 0 | L6: =I6+J6+K6 -> 31
A7: VICTORIA | B7: 1 | C7: 16 | D7: 26-01-2026 | E7: 4043 | F7: {=IFERROR(_xlfn.XLOOKUP(TEXT(E7,"0000"),TEXT(Catalog!A:A,"0000"),Catalog!B:B),"")} -> DOUBLE 2-WAY SWITCH 37101 OPB | G7: 15 | H7: 1 | I7: =G7*H7 -> 15 | J7: 0 | K7: 0 | L7: =I7+J7+K7 -> 15
A8: VICTORIA | B8: 1 | C8: 16 | D8: 26-01-2026 | E8: 4050 | F8: {=IFERROR(_xlfn.XLOOKUP(TEXT(E8,"0000"),TEXT(Catalog!A:A,"0000"),Catalog!B:B),"")} -> EARTH SOCKET 48131 OPB WD | G8: 3 | H8: 1 | I8: =G8*H8 -> 3 | J8: 0 | K8: 0 | L8: =I8+J8+K8 -> 3
A9: VICTORIA | B9: 1 | C9: 16 | D9: 26-01-2026 | E9: 4046 | F9: {=IFERROR(_xlfn.XLOOKUP(TEXT(E9,"0000"),TEXT(Catalog!A:A,"0000"),Catalog!B:B),"")} -> SINGLE POLE SWITCH 48011 OP WD | G9: 11 | H9: 1 | I9: =G9*H9 -> 11 | J9: 0 | K9: 0 | L9: =I9+J9+K9 -> 11
A10: VICTORIA | B10: 1 | C10: 16 | D10: 26-01-2026 | E10: 4049 | F10: {=IFERROR(_xlfn.XLOOKUP(TEXT(E10,"0000"),TEXT(Catalog!A:A,"0000"),Catalog!B:B),"")} -> TWO WAY SWITCH 48071 OPB WD | G10: 7 | H10: 1 | I10: =G10*H10 -> 7 | J10: 0 | K10: 0 | L10: =I10+J10+K10 -> 7
A11: VICTORIA | B11: 1 | C11: 16 | D11: 26-01-2026 | E11: 4047 | F11: {=IFERROR(_xlfn.XLOOKUP(TEXT(E11,"0000"),TEXT(Catalog!A:A,"0000"),Catalog!B:B),"")} -> TWO POLE SWITCH 48021 WD OPB | G11: 7 | H11: 1 | I11: =G11*H11 -> 7 | J11: 0 | K11: 0 | L11: =I11+J11+K11 -> 7
A12: VICTORIA | B12: 1 | C12: 16 | D12: 26-01-2026 | E12: 4048 | F12: {=IFERROR(_xlfn.XLOOKUP(TEXT(E12,"0000"),TEXT(Catalog!A:A,"0000"),Catalog!B:B),"")} -> 2 CIRCUITS SWITCH 48061 OPB WD | G12: 9 | H12: 1 | I12: =G12*H12 -> 9 | J12: 0 | K12: 0 | L12: =I12+J12+K12 -> 9
A13: VICTORIA | B13: 1 | C13: 16 | D13: 26-01-2026 | E13: 4024 | F13: {=IFERROR(_xlfn.XLOOKUP(TEXT(E13,"0000"),TEXT(Catalog!A:A,"0000"),Catalog!B:B),"")} -> COV PL SCHUK SOCKET IP44 70634 | G13: 12 | H13: 1 | I13: =G13*H13 -> 12 | J13: 0 | K13: 0 | L13: =I13+J13+K13 -> 12
A14: VICTORIA | B14: 1 | C14: 16 | D14: 26-01-2026 | E14: 4035 | F14: {=IFERROR(_xlfn.XLOOKUP(TEXT(E14,"0000"),TEXT(Catalog!A:A,"0000"),Catalog!B:B),"")} -> WATERPROOF FRAME IP 44 70961 | G14: 4 | H14: 1 | I14: =G14*H14 -> 4 | J14: 0 | K14: 0 | L14: =I14+J14+K14 -> 4
D16: C-3 | L16: Total
D17: Fecha | E17: Código | F17: Referencia | G17: Cajas | J17: Sueltos | K17: Cajas 0x0 | L17: Unidades
A18: VICTORIA | B18: 1 | C18: 27 | D18: 26-01-2026 | E18: 4106 | F18: {=IFERROR(_xlfn.XLOOKUP(TEXT(E18,"0000"),TEXT(Catalog!A:A,"0000"),Catalog!B:B),"")} -> COVER PLATE - TELEPHONE 90712 | G18: 0 | H18: 1 | I18: =G18*H18 -> 0 | J18: 0 | K18: 0 | L18: =I18+J18+K18 -> 0
A19: VICTORIA | B19: 1 | C19: 27 | D19: 26-01-2026 | E19: 4145 | F19: {=IFERROR(_xlfn.XLOOKUP(TEXT(E19,"0000"),TEXT(Catalog!A:A,"0000"),Catalog!B:B),"")} -> COV PLATE TELEPHONE 90712 TPM | G19: 10 | H19: 1 | I19: =G19*H19 -> 10 | J19: 0 | K19: 0 | L19: =I19+J19+K19 -> 10
A20: VICTORIA | B20: 1 | C20: 27 | D20: 26-01-2026 | E20: 4105 | F20: {=IFERROR(_xlfn.XLOOKUP(TEXT(E20,"0000"),TEXT(Catalog!A:A,"0000"),Catalog!B:B),"")} -> COVER PLATE SINGLE RJ45 90751 | G20: 0 | H20: 1 | I20: =G20*H20 -> 0 | J20: 0 | K20: 0 | L20: =I20+J20+K20 -> 0
A21: VICTORIA | B21: 1 | C21: 27 | D21: 26-01-2026 | E21: 4144 | F21: {=IFERROR(_xlfn.XLOOKUP(TEXT(E21,"0000"),TEXT(Catalog!A:A,"0000"),Catalog!B:B),"")} -> COV PLATE SINGLE RJ45 90751TPM | G21: 0 | H21: 1 | I21: =G21*H21 -> 0 | J21: 0 | K21: 0 | L21: =I21+J21+K21 -> 0
A22: VICTORIA | B22: 1 | C22: 27 | D22: 26-01-2026 | E22: 90106 | F22: {=IFERROR(_xlfn.XLOOKUP(TEXT(E22,"0000"),TEXT(Catalog!A:A,"0000"),Catalog!B:B),"")} -> COV PLATE SINGL RJ45 90751TAL | G22: 4 | H22: 1 | I22: =G22*H22 -> 4 | J22: 0 | K22: 0 | L22: =I22+J22+K22 -> 4
A23: VICTORIA | B23: 1 | C23: 27 | D23: 26-01-2026 | E23: 4103 | F23: {=IFERROR(_xlfn.XLOOKUP(TEXT(E23,"0000"),TEXT(Catalog!A:A,"0000"),Catalog!B:B),"")} -> COVER PLATE PULL CORD 90741 | G23: 18 | H23: 1 | I23: =G23*H23 -> 18 | J23: 0 | K23: 0 | L23: =I23+J23+K23 -> 18
A24: VICTORIA | B24: 1 | C24: 27 | D24: 26-01-2026 | E24: 4112 | F24: {=IFERROR(_xlfn.XLOOKUP(TEXT(E24,"0000"),TEXT(Catalog!A:A,"0000"),Catalog!B:B),"")} -> DOUBLE HORIZONTAL FRAME 90920 | G24: 0 | H24: 1 | I24: =G24*H24 -> 0 | J24: 0 | K24: 0 | L24: =I24+J24+K24 -> 0
A25: VICTORIA | B25: 1 | C25: 27 | D25: 26-01-2026 | E25: 4151 | F25: {=IFERROR(_xlfn.XLOOKUP(TEXT(E25,"0000"),TEXT(Catalog!A:A,"0000"),Catalog!B:B),"")} -> 2 X HORIZONTAL FRAME 90920 TPM | G25: 0 | H25: 1 | I25: =G25*H25 -> 0 | J25: 0 | K25: 0 | L25: =I25+J25+K25 -> 0
A26: VICTORIA | B26: 1 | C26: 27 | D26: 26-01-2026 | E26: 90101 | F26: {=IFERROR(_xlfn.XLOOKUP(TEXT(E26,"0000"),TEXT(Catalog!A:A,"0000"),Catalog!B:B),"")} -> DOUBLE FRAME ALU 90920TAA | G26: 41 | H26: 1 | I26: =G26*H26 -> 41 | J26: 0 | K26: 0 | L26: =I26+J26+K26 -> 41
A27: VICTORIA | B27: 1 | C27: 27 | D27: 26-01-2026 | E27: 4109 | F27: {=IFERROR(_xlfn.XLOOKUP(TEXT(E27,"0000"),TEXT(Catalog!A:A,"0000"),Catalog!B:B),"")} -> COVER PLATE SCHUKO SOCKET90634 | G27: 0 | H27: 1 | I27: =G27*H27 -> 0 | J27: 0 | K27: 0 | L27: =I27+J27+K27 -> 0
A28: VICTORIA | B28: 1 | C28: 27 | D28: 26-01-2026 | E28: 4148 | F28: {=IFERROR(_xlfn.XLOOKUP(TEXT(E28,"0000"),TEXT(Catalog!A:A,"0000"),Catalog!B:B),"")} -> COV PLATE SOCKET IP44 90634TPM | G28: 2 | H28: 1 | I28: =G28*H28 -> 2 | J28: 0 | K28: 0 | L28: =I28+J28+K28 -> 2
A29: VICTORIA | B29: 1 | C29: 27 | D29: 26-01-2026 | E29: 4116 | F29: {=IFERROR(_xlfn.XLOOKUP(TEXT(E29,"0000"),TEXT(Catalog!A:A,"0000"),Catalog!B:B),"")} -> WATERPROOF FRAME IP 44 90961 | G29: 5 | H29: 1 | I29: =G29*H29 -> 5 | J29: 0 | K29: 0 | L29: =I29+J29+K29 -> 5
... A35: VICTORIA | B35: 1 | C35: 27 | D35: 26-01-2026 | E35: 3997 | F35: {=IFERROR(_xlfn.XLOOKUP(TEXT(E35,"0000"),TEXT(Catalog!A:A,"0000"),Catalog!B:B),"")} -> SPEED CONTROLLER 21219 | G35: 13 | H35: 1 | I35: =G35*H35 -> 13 | J35: 0 | K35: 0 | L35: =I35+J35+K35 -> 13
D37: C-4 | L37: Total
D38: Fecha | E38: Código | F38: Referencia | G38: Cajas | J38: Sueltos | K38: Cajas 0x0 | L38: Unidades
A39: VICTORIA | B39: 1 | C39: 28 | D39: 26-01-2026 | E39: 4209 | F39: {=IFERROR(_xlfn.XLOOKUP(TEXT(E39,"0000"),TEXT(Catalog!A:A,"0000"),Catalog!B:B),"")} -> KABELGOOT 75X20MM 10140 CBR | G39: 6 | H39: 1 | I39: =G39*H39 -> 6 | J39: 11 | K39: 0 | L39: =I39+J39+K39 -> 17
A40: VICTORIA | B40: 1 | C40: 28 | D40: 26-01-2026 | E40: 4212 | F40: {=IFERROR(_xlfn.XLOOKUP(TEXT(E40,"0000"),TEXT(Catalog!A:A,"0000"),Catalog!B:B),"")} -> KABELGOOT 90X50MM 10180 RBR | G40: 1 | H40: 1 | I40: =G40*H40 -> 1 | J40: 0 | K40: 0 | L40: =I40+J40+K40 -> 1
A41: VICTORIA | B41: 1 | C41: 28 | D41: 26-01-2026 | E41: 4213 | F41: {=IFERROR(_xlfn.XLOOKUP(TEXT(E41,"0000"),TEXT(Catalog!A:A,"0000"),Catalog!B:B),"")} -> KABELGOOT 180X50MM 10290 RBR | G41: 13 | H41: 1 | I41: =G41*H41 -> 13 | J41: 0 | K41: 0 | L41: =I41+J41+K41 -> 13
A42: VICTORIA | B42: 1 | C42: 28 | D42: 26-01-2026 | E42: 4260 | F42: {=IFERROR(_xlfn.XLOOKUP(TEXT(E42,"0000"),TEXT(Catalog!A:A,"0000"),Catalog!B:B),"")} -> VERLENG 110X50MM 10094 RBR | G42: 0 | H42: 1 | I42: =G42*H42 -> 0 | J42: 13 | K42: 0 | L42: =I42+J42+K42 -> 13
A43: VICTORIA | B43: 1 | C43: 28 | D43: 26-01-2026 | E43: 1496 | F43: {=IFERROR(_xlfn.XLOOKUP(TEXT(E43,"0000"),TEXT(Catalog!A:A,"0000"),Catalog!B:B),"")} -> OPBOUW KAST 2 MOD 610090 | G43: 0 | H43: 1 | I43: =G43*H43 -> 0 | J43: 0 | K43: 0 | L43: =I43+J43+K43 -> 0
A44: VICTORIA | B44: 1 | C44: 28 | D44: 26-01-2026 | E44: 4211 | F44: {=IFERROR(_xlfn.XLOOKUP(TEXT(E44,"0000"),TEXT(Catalog!A:A,"0000"),Catalog!B:B),"")} -> KABELGOOT 110X50MM 10090RBR | G44: 2 | H44: 1 | I44: =G44*H44 -> 2 | J44: 0 | K44: 0 | L44: =I44+J44+K44 -> 2
A45: VICTORIA | B45: 1 | C45: 28 | D45: 26-01-2026 | E45: 4210 | F45: {=IFERROR(_xlfn.XLOOKUP(TEXT(E45,"0000"),TEXT(Catalog!A:A,"0000"),Catalog!B:B),"")} -> KABELGOOT 110X34MM 10080 RBR | G45: 5 | H45: 1 | I45: =G45*H45 -> 5 | J45: 0 | K45: 0 | L45: =I45+J45+K45 -> 5
A46: VICTORIA | B46: 1 | C46: 28 | D46: 26-01-2026 | E46: 4201 | F46: {=IFERROR(_xlfn.XLOOKUP(TEXT(E46,"0000"),TEXT(Catalog!A:A,"0000"),Catalog!B:B),"")} -> KABELGOOT 16X10MM 10020 FBR | G46: 1 | H46: 1 | I46: =G46*H46 -> 1 | J46: 56 | K46: 0 | L46: =I46+J46+K46 -> 57
A47: VICTORIA | B47: 1 | C47: 28 | D47: 26-01-2026 | E47: 4207 | F47: {=IFERROR(_xlfn.XLOOKUP(TEXT(E47,"0000"),TEXT(Catalog!A:A,"0000"),Catalog!B:B),"")} -> KABELGOOT 50X20MM 10500 CBR | G47: 2 | H47: 1 | I47: =G47*H47 -> 2 | J47: 6 | K47: 0 | L47: =I47+J47+K47 -> 8
A48: VICTORIA | B48: 1 | C48: 28 | D48: 26-01-2026 | E48: 0288 | F48: {=IFERROR(_xlfn.XLOOKUP(TEXT(E48,"0000"),TEXT(Catalog!A:A,"0000"),Catalog!B:B),"")} -> KABELGOOT 70x40 mm | G48: 5 | H48: 1 | I48: =G48*H48 -> 5 | J48: 4 | K48: 0 | L48: =I48+J48+K48 -> 9
A49: VICTORIA | B49: 1 | C49: 28 | D49: 26-01-2026 | E49: 0291 | F49: {=IFERROR(_xlfn.XLOOKUP(TEXT(E49,"0000"),TEXT(Catalog!A:A,"0000"),Catalog!B:B),"")} -> KABELGOOT DEKSEL70x40 mm | G49: 5 | H49: 1 | I49: =G49*H49 -> 5 | J49: 4 | K49: 0 | L49: =I49+J49+K49 -> 9
A50: VICTORIA | B50: 1 | C50: 28 | D50: 26-01-2026 | E50: 0289 | F50: {=IFERROR(_xlfn.XLOOKUP(TEXT(E50,"0000"),TEXT(Catalog!A:A,"0000"),Catalog!B:B),"")} -> KABELGOOT 70x60 mm | G50: 7 | H50: 1 | I50: =G50*H50 -> 7 | J50: 0 | K50: 0 | L50: =I50+J50+K50 -> 7
A51: VICTORIA | B51: 1 | C51: 28 | D51: 26-01-2026 | E51: 0292 | F51: {=IFERROR(_xlfn.XLOOKUP(TEXT(E51,"0000"),TEXT(Catalog!A:A,"0000"),Catalog!B:B),"")} -> KABELGOOT DEKSEL 70x60 mm | G51: 6 | H51: 1 | I51: =G51*H51 -> 6 | J51: 10 | K51: 0 | L51: =I51+J51+K51 -> 16
A52: VICTORIA | B52: 1 | C52: 28 | D52: 26-01-2026 | E52: 0278 | F52: {=IFERROR(_xlfn.XLOOKUP(TEXT(E52,"0000"),TEXT(Catalog!A:A,"0000"),Catalog!B:B),"")} -> KABELGOOT 100x40 mm | G52: 0 | H52: 1 | I52: =G52*H52 -> 0 | J52: 4 | K52: 0 | L52: =I52+J52+K52 -> 4
A53: VICTORIA | B53: 1 | C53: 28 | D53: 26-01-2026 | E53: 0290 | F53: {=IFERROR(_xlfn.XLOOKUP(TEXT(E53,"0000"),TEXT(Catalog!A:A,"0000"),Catalog!B:B),"")} -> KABELGOOT 100x60 mm | G53: 2 | H53: 1 | I53: =G53*H53 -> 2 | J53: 1 | K53: 0 | L53: =I53+J53+K53 -> 3
A54: VICTORIA | B54: 1 | C54: 28 | D54: 26-01-2026 | E54: 0293 | F54: {=IFERROR(_xlfn.XLOOKUP(TEXT(E54,"0000"),TEXT(Catalog!A:A,"0000"),Catalog!B:B),"")} -> KABELGOOT DEKSEL 100x60 mm | G54: 13 | H54: 1 | I54: =G54*H54 -> 13 | J54: 3 | K54: 0 | L54: =I54+J54+K54 -> 16
A55: VICTORIA | B55: 1 | C55: 28 | D55: 26-01-2026 | E55: 4200 | F55: {=IFERROR(_xlfn.XLOOKUP(TEXT(E55,"0000"),TEXT(Catalog!A:A,"0000"),Catalog!B:B),"")} -> KABELGOOT 12x7MM 10010 FBR | G55: 3 | H55: 1 | I55: =G55*H55 -> 3 | J55: 0 | K55: 0 | L55: =I55+J55+K55 -> 3
A56: VICTORIA | B56: 1 | C56: 28 | D56: 26-01-2026 | E56: 0285 | F56: {=IFERROR(_xlfn.XLOOKUP(TEXT(E56,"0000"),TEXT(Catalog!A:A,"0000"),Catalog!B:B),"")} -> KABELGOOT 10x8 mm | G56: 0 | H56: 1 | I56: =G56*H56 -> 0 | J56: 113 | K56: 0 | L56: =I56+J56+K56 -> 113
A57: VICTORIA | B57: 1 | C57: 28 | D57: 26-01-2026 | E57: 0284 | F57: {=IFERROR(_xlfn.XLOOKUP(TEXT(E57,"0000"),TEXT(Catalog!A:A,"0000"),Catalog!B:B),"")} -> KABELGOOT 60x40 mm | G57: 0 | H57: 1 | I57: =G57*H57 -> 0 | J57: 1 | K57: 0 | L57: =I57+J57+K57 -> 1
A58: VICTORIA | B58: 1 | C58: 28 | D58: 26-01-2026 | E58: 4201 | F58: {=IFERROR(_xlfn.XLOOKUP(TEXT(E58,"0000"),TEXT(Catalog!A:A,"0000"),Catalog!B:B),"")} -> KABELGOOT 16X10MM 10020 FBR | G58: 2 | H58: 1 | I58: =G58*H58 -> 2 | J58: 38 | K58: 0 | L58: =I58+J58+K58 -> 40
A59: VICTORIA | B59: 1 | C59: 28 | D59: 26-01-2026 | E59: 0201 | F59: {=IFERROR(_xlfn.XLOOKUP(TEXT(E59,"0000"),TEXT(Catalog!A:A,"0000"),Catalog!B:B),"")} -> KABEL YMvK 3G2.5mm rol/100mtr | G59: 11 | H59: 1 | I59: =G59*H59 -> 11 | J59: 0 | K59: 0 | L59: =I59+J59+K59 -> 11
D61: A-1 | L61: Total
D62: Fecha | E62: Código | F62: Referencia | G62: Cajas | J62: Sueltos | K62: Cajas 0x0 | L62: Unidades
A63: VICTORIA | B63: 1 | C63: 1 | D63: 26-01-2026 | E63: 3319 | F63: {=IFERROR(_xlfn.XLOOKUP(TEXT(E63,"0000"),TEXT(Catalog!A:A,"0000"),Catalog!B:B),"")} -> PICKENS RFTL 100W 6500K UFO | G63: 16 | H63: 1 | I63: =G63*H63 -> 16 | J63: 3 | K63: 0 | L63: =I63+J63+K63 -> 19
A64: VICTORIA | B64: 1 | C64: 1 | D64: 26-01-2026 | E64: 0201 | F64: {=IFERROR(_xlfn.XLOOKUP(TEXT(E64,"0000"),TEXT(Catalog!A:A,"0000"),Catalog!B:B),"")} -> KABEL YMvK 3G2.5mm rol/100mtr | G64: 0 | H64: 0 | I64: =G64*H64 -> 0 | J64: 0 | K64: 0 | L64: =I64+J64+K64 -> 0
F65: 3 CAJAS SIN ABRIR NUEVAS
D67: B-5 | L67: Total
D68: Fecha | E68: Código | F68: Referencia | G68: Cajas | J68: Sueltos | K68: Cajas 0x0 | L68: Unidades
A69: VICTORIA | B69: 1 | C69: 17 | D69: 23-01-2026 | E69: 4001 | F69: {=IFERROR(_xlfn.XLOOKUP(TEXT(E69,"0000"),TEXT(Catalog!A:A,"0000"),Catalog!B:B),"")} -> TWO POLE SWITCH 21021 | G69: 32 | H69: 1 | I69: =G69*H69 -> 32 | J69: 0 | K69: 0 | L69: =I69+J69+K69 -> 32
A70: VICTORIA | B70: 1 | C70: 17 | D70: 23-01-2026 | E70: 4000 | F70: {=IFERROR(_xlfn.XLOOKUP(TEXT(E70,"0000"),TEXT(Catalog!A:A,"0000"),Catalog!B:B),"")} -> SINGEL POLE SWITCH 21011 | G70: 18 | H70: 1 | I70: =G70*H70 -> 18 | J70: 0 | K70: 0 | L70: =I70+J70+K70 -> 18
A71: VICTORIA | B71: 1 | C71: 17 | D71: 23-01-2026 | E71: 4002 | F71: {=IFERROR(_xlfn.XLOOKUP(TEXT(E71,"0000"),TEXT(Catalog!A:A,"0000"),Catalog!B:B),"")} -> TWO CIRCUITS SWITCH 21061 | G71: 17 | H71: 1 | I71: =G71*H71 -> 17 | J71: 0 | K71: 0 | L71: =I71+J71+K71 -> 17
A72: VICTORIA | B72: 1 | C72: 17 | D72: 23-01-2026 | E72: 4250 | F72: {=IFERROR(_xlfn.XLOOKUP(TEXT(E72,"0000"),TEXT(Catalog!A:A,"0000"),Catalog!B:B),"")} -> VLAKHOEK 180X50MM 10293 RBR | G72: 2 | H72: 1 | I72: =G72*H72 -> 2 | J72: 0 | K72: 0 | L72: =I72+J72+K72 -> 2
A73: VICTORIA | B73: 1 | C73: 17 | D73: 23-01-2026 | E73: 4017 | F73: {=IFERROR(_xlfn.XLOOKUP(TEXT(E73,"0000"),TEXT(Catalog!A:A,"0000"),Catalog!B:B),"")} -> ROCKER FOR SWITCHES 70601 | G73: 8 | H73: 100 | I73: =G73*H73 -> 800 | J73: 0 | K73: 0 | L73: =I73+J73+K73 -> 800
A74: VICTORIA | B74: 1 | C74: 17 | D74: 23-01-2026 | E74: 4018 | F74: {=IFERROR(_xlfn.XLOOKUP(TEXT(E74,"0000"),TEXT(Catalog!A:A,"0000"),Catalog!B:B),"")} -> DOUBLE ROCKERS 70611 | G74: 2 | H74: 100 | I74: =G74*H74 -> 200 | J74: 0 | K74: 0 | L74: =I74+J74+K74 -> 200
A75: VICTORIA | B75: 1 | C75: 17 | D75: 23-01-2026 | E75: 4003 | F75: {=IFERROR(_xlfn.XLOOKUP(TEXT(E75,"0000"),TEXT(Catalog!A:A,"0000"),Catalog!B:B),"")} -> THREE CIRCUITS SWITCH 21088 | G75: 5 | H75: 1 | I75: =G75*H75 -> 5 | J75: 0 | K75: 0 | L75: =I75+J75+K75 -> 5
A76: VICTORIA | B76: 1 | C76: 17 | D76: 23-01-2026 | E76: 4019 | F76: {=IFERROR(_xlfn.XLOOKUP(TEXT(E76,"0000"),TEXT(Catalog!A:A,"0000"),Catalog!B:B),"")} -> TRIPLE ROCKERS 70661 | G76: 16 | H76: 1 | I76: =G76*H76 -> 16 | J76: 0 | K76: 0 | L76: =I76+J76+K76 -> 16
A77: VICTORIA | B77: 1 | C77: 17 | D77: 23-01-2026 | E77: 4005 | F77: {=IFERROR(_xlfn.XLOOKUP(TEXT(E77,"0000"),TEXT(Catalog!A:A,"0000"),Catalog!B:B),"")} -> DOUBLE TWO WAY SWITCH 21101 | G77: 11 | H77: 1 | I77: =G77*H77 -> 11 | J77: 0 | K77: 0 | L77: =I77+J77+K77 -> 11
A78: VICTORIA | B78: 1 | C78: 17 | D78: 23-01-2026 | F78: 21384 | G78: 2 | H78: 1 | I78: =G78*H78 -> 2 | J78: 0 | K78: 0 | L78: =I78+J78+K78 -> 2
A79: VICTORIA | B79: 1 | C79: 17 | D79: 23-01-2026 | E79: 4058 | F79: {=IFERROR(_xlfn.XLOOKUP(TEXT(E79,"0000"),TEXT(Catalog!A:A,"0000"),Catalog!B:B),"")} -> COVER PLATE DBL USB CHAR 70673 | G79: 20 | H79: 1 | I79: =G79*H79 -> 20 | J79: 0 | K79: 0 | L79: =I79+J79+K79 -> 20
A80: VICTORIA | B80: 1 | C80: 17 | D80: 23-01-2026 | E80: 3998 | F80: {=IFERROR(_xlfn.XLOOKUP(TEXT(E80,"0000"),TEXT(Catalog!A:A,"0000"),Catalog!B:B),"")} -> ELECTRONIC DIMMER 150W 21215-1 | G80: 5 | H80: 1 | I80: =G80*H80 -> 5 | J80: 0 | K80: 0 | L80: =I80+J80+K80 -> 5
A81: VICTORIA | B81: 1 | C81: 17 | D81: 23-01-2026 | E81: 4013 | F81: {=IFERROR(_xlfn.XLOOKUP(TEXT(E81,"0000"),TEXT(Catalog!A:A,"0000"),Catalog!B:B),"")} -> RJ 45 CAT6 UTP CONNECTOR 21978 | G81: 1 | H81: 1 | I81: =G81*H81 -> 1 | J81: 2 | K81: 0 | L81: =I81+J81+K81 -> 3
A82: VICTORIA | B82: 1 | C82: 17 | D82: 23-01-2026 | E82: 4037 | F82: {=IFERROR(_xlfn.XLOOKUP(TEXT(E82,"0000"),TEXT(Catalog!A:A,"0000"),Catalog!B:B),"")} -> COVER PLATE MOTION 70401 TBR | G82: 22 | H82: 1 | I82: =G82*H82 -> 22 | J82: 0 | K82: 0 | L82: =I82+J82+K82 -> 22
A83: VICTORIA | B83: 1 | C83: 17 | D83: 23-01-2026 | E83: 4030 | F83: {=IFERROR(_xlfn.XLOOKUP(TEXT(E83,"0000"),TEXT(Catalog!A:A,"0000"),Catalog!B:B),"")} -> SURFACE MOUNTING BOX 10975 | G83: 8 | H83: 1 | I83: =G83*H83 -> 8 | J83: 0 | K83: 0 | L83: =I83+J83+K83 -> 8
F84: 4 JABON ANTIBACTERIAL
F85: 1 CAJA DE PAPEL DE BAÑO
D89: B-8 | L89: Total
D90: Fecha | E90: Código | F90: Referencia | G90: Cajas | J90: Sueltos | K90: Cajas 0x0 | L90: Unidades
A91: VICTORIA | B91: 1 | C91: 20 | D91: 23-01-2026 | E91: 4023 | F91: {=IFERROR(_xlfn.XLOOKUP(TEXT(E91,"0000"),TEXT(Catalog!A:A,"0000"),Catalog!B:B),"")} -> COV PL EARTH SOCK USA 70843 | G91: 25 | H91: 1 | I91: =G91*H91 -> 25 | J91: 0 | K91: 0 | L91: =I91+J91+K91 -> 25
A92: VICTORIA | B92: 1 | C92: 20 | D92: 23-01-2026 | E92: 4028 | F92: {=IFERROR(_xlfn.XLOOKUP(TEXT(E92,"0000"),TEXT(Catalog!A:A,"0000"),Catalog!B:B),"")} -> BLIND COVER PLATE 70677 | G92: 40 | H92: 1 | I92: =G92*H92 -> 40 | J92: 0 | K92: 0 | L92: =I92+J92+K92 -> 40
A93: VICTORIA | B93: 1 | C93: 20 | D93: 23-01-2026 | E93: 4009 | F93: {=IFERROR(_xlfn.XLOOKUP(TEXT(E93,"0000"),TEXT(Catalog!A:A,"0000"),Catalog!B:B),"")} -> EARTH SOCKET ( USA TYPE) 21143 | G93: 12 | H93: 1 | I93: =G93*H93 -> 12 | J93: 0 | K93: 0 | L93: =I93+J93+K93 -> 12
A94: VICTORIA | B94: 1 | C94: 20 | D94: 23-01-2026 | E94: 4007 | F94: {=IFERROR(_xlfn.XLOOKUP(TEXT(E94,"0000"),TEXT(Catalog!A:A,"0000"),Catalog!B:B),"")} -> DIMMER/ 2 WAY 320 WRC 21217 | G94: 4 | H94: 1 | I94: =G94*H94 -> 4 | J94: 0 | K94: 0 | L94: =I94+J94+K94 -> 4 | M94: V
A95: VICTORIA | B95: 1 | C95: 20 | D95: 23-01-2026 | E95: 4007 | F95: {=IFERROR(_xlfn.XLOOKUP(TEXT(E95,"0000"),TEXT(Catalog!A:A,"0000"),Catalog!B:B),"")} -> DIMMER/ 2 WAY 320 WRC 21217 | G95: 13 | H95: 1 | I95: =G95*H95 -> 13 | L95: 13 | M95: V
A96: VICTORIA | B96: 1 | C96: 20 | D96: 23-01-2026 | E96: 4021 | F96: {=IFERROR(_xlfn.XLOOKUP(TEXT(E96,"0000"),TEXT(Catalog!A:A,"0000"),Catalog!B:B),"")} -> COVER PLATE DIMMER 70721 | G96: 19 | H96: 1 | I96: =G96*H96 -> 19 | J96: 0 | K96: 0 | L96: =I96+J96+K96 -> 19
A97: VICTORIA | B97: 1 | C97: 20 | D97: 23-01-2026 | E97: 4020 | F97: {=IFERROR(_xlfn.XLOOKUP(TEXT(E97,"0000"),TEXT(Catalog!A:A,"0000"),Catalog!B:B),"")} -> COV PLATE PULL CORD 70741 | G97: 11 | H97: 1 | I97: =G97*H97 -> 11 | J97: 0 | K97: 0 | L97: =I97+J97+K97 -> 11
A98: VICTORIA | B98: 1 | C98: 20 | D98: 23-01-2026 | E98: 4012 | F98: {=IFERROR(_xlfn.XLOOKUP(TEXT(E98,"0000"),TEXT(Catalog!A:A,"0000"),Catalog!B:B),"")} -> RJ 45 CAT 5 E UTP SOCKET 21453 | G98: 10 | H98: 1 | I98: =G98*H98 -> 10 | J98: 0 | K98: 0 | L98: =I98+J98+K98 -> 10
A99: VICTORIA | B99: 1 | C99: 20 | D99: 23-01-2026 | E99: 4011 | F99: {=IFERROR(_xlfn.XLOOKUP(TEXT(E99,"0000"),TEXT(Catalog!A:A,"0000"),Catalog!B:B),"")} -> RJ 45 CAT 6 UTP SOCKET 21455 | G99: 5 | H99: 1 | I99: =G99*H99 -> 5 | J99: 0 | K99: 0 | L99: =I99+J99+K99 -> 5
A100: VICTORIA | B100: 1 | C100: 20 | D100: 23-01-2026 | E100: 4025 | F100: {=IFERROR(_xlfn.XLOOKUP(TEXT(E100,"0000"),TEXT(Catalog!A:A,"0000"),Catalog!B:B),"")} -> COVER PLATE SINGLE RJ45 70751 | G100: 6 | H100: 1 | I100: =G100*H100 -> 6 | J100: 0 | K100: 0 | L100: =I100+J100+K100 -> 6
A101: VICTORIA | B101: 1 | C101: 20 | D101: 23-01-2026 | E101: 4015 | F101: {=IFERROR(_xlfn.XLOOKUP(TEXT(E101,"0000"),TEXT(Catalog!A:A,"0000"),Catalog!B:B),"")} -> TELEPHONE SOCKET 21252 | G101: 10 | H101: 1 | I101: =G101*H101 -> 10 | J101: 0 | K101: 0 | L101: =I101+J101+K101 -> 10
A102: VICTORIA | B102: 1 | C102: 20 | D102: 23-01-2026 | E102: 4027 | F102: {=IFERROR(_xlfn.XLOOKUP(TEXT(E102,"0000"),TEXT(Catalog!A:A,"0000"),Catalog!B:B),"")} -> COVER PLATE TELEPHONE 70712 | G102: 4 | H102: 1 | I102: =G102*H102 -> 4 | J102: 0 | K102: 0 | L102: =I102+J102+K102 -> 4
A103: VICTORIA | B103: 1 | C103: 20 | D103: 23-01-2026 | E103: 4026 | F103: {=IFERROR(_xlfn.XLOOKUP(TEXT(E103,"0000"),TEXT(Catalog!A:A,"0000"),Catalog!B:B),"")} -> COVER RING WITH DOUBLE 70442 | G103: 65 | H103: 1 | I103: =G103*H103 -> 65 | J103: 0 | K103: 0 | L103: =I103+J103+K103 -> 65
A104: VICTORIA | B104: 1 | C104: 20 | D104: 23-01-2026 | E104: 4031 | F104: {=IFERROR(_xlfn.XLOOKUP(TEXT(E104,"0000"),TEXT(Catalog!A:A,"0000"),Catalog!B:B),"")} -> SINGLE FRAME 70910 | G104: 2 | H104: 100 | I104: =G104*H104 -> 200 | J104: 0 | K104: 0 | L104: =I104+J104+K104 -> 200
A105: VICTORIA | B105: 1 | C105: 20 | D105: 23-01-2026 | E105: 4032 | F105: {=IFERROR(_xlfn.XLOOKUP(TEXT(E105,"0000"),TEXT(Catalog!A:A,"0000"),Catalog!B:B),"")} -> DOUBLE HORIZONTAL FRAME 70921 | G105: 13 | H105: 1 | I105: =G105*H105 -> 13 | J105: 0 | K105: 0 | L105: =I105+J105+K105 -> 13
A106: VICTORIA | B106: 1 | C106: 20 | D106: 23-01-2026 | E106: 4033 | F106: {=IFERROR(_xlfn.XLOOKUP(TEXT(E106,"0000"),TEXT(Catalog!A:A,"0000"),Catalog!B:B),"")} -> TRIPLE HORIZONTAL FRAME 70931 | G106: 36 | H106: 1 | I106: =G106*H106 -> 36 | J106: 0 | K106: 0 | L106: =I106+J106+K106 -> 36
A107: VICTORIA | B107: 1 | C107: 20 | D107: 23-01-2026 | E107: 4034 | F107: {=IFERROR(_xlfn.XLOOKUP(TEXT(E107,"0000"),TEXT(Catalog!A:A,"0000"),Catalog!B:B),"")} -> 4- GANG HORIZONTAL FRAME 70941 | G107: =38+38+3 -> 79 | H107: 1 | I107: =G107*H107 -> 79 | J107: 0 | K107: 0 | L107: =I107+J107+K107 -> 79
A108: VICTORIA | B108: 1 | C108: 20 | D108: 23-01-2026 | E108: 4011 | F108: {=IFERROR(_xlfn.XLOOKUP(TEXT(E108,"0000"),TEXT(Catalog!A:A,"0000"),Catalog!B:B),"")} -> RJ 45 CAT 6 UTP SOCKET 21455 | G108: 2 | H108: 100 | I108: =G108*H108 -> 200 | J108: 0 | K108: 0 | L108: =I108+J108+K108 -> 200

Sheet D2 (V) Fixed
D1: Deposito Nro 2
D2: A-1 | K2: Cajas import | L2: Total | M2: Observaciones
A3: counter_name | B3: deposit_id | C3: rack_id | D3: Fecha | E3: Código | F3: Referencia | G3: Cajas | H3: Sueltos | I3: Cajas 0x0 | J3: Sueltos | L3: Unidades
A4: VICTORIA | B4: 2 | C4: 1 | D4: 27-01-26 | E4: 1611 | F4: {=IFERROR(_xlfn.XLOOKUP(TEXT(E4,"0000"),TEXT(Catalog!A:A,"0000"),Catalog!B:B),"")} -> OPB.KAST OLINTHOS 2RIJ 24 PE | G4: 22
A5: VICTORIA | B5: 2 | C5: 1 | D5: 27-01-26 | E5: 1612 | F5: {=IFERROR(_xlfn.XLOOKUP(TEXT(E5,"0000"),TEXT(Catalog!A:A,"0000"),Catalog!B:B),"")} -> OPB.KAST OLINTHOS 3RIJ 36 PE | G5: 2
A6: VICTORIA | B6: 2 | C6: 1 | D6: 27-01-26 | E6: 1506 | F6: {=IFERROR(_xlfn.XLOOKUP(TEXT(E6,"0000"),TEXT(Catalog!A:A,"0000"),Catalog!B:B),"")} -> OPBOUWKAST 2-RIJ 36PE 610285 | G6: 1 | M6: Producto sin codigo por antiguo, este codigo mas nuevo aprox.
A7: VICTORIA | B7: 2 | C7: 1 | D7: 27-01-26 | E7: 1511 | F7: {=IFERROR(_xlfn.XLOOKUP(TEXT(E7,"0000"),TEXT(Catalog!A:A,"0000"),Catalog!B:B),"")} -> INBOUWKAST 2-RIJ 28MOD 610373 | G7: 8
A8: VICTORIA | B8: 2 | C8: 1 | D8: 27-01-26 | E8: 7196 | F8: {=IFERROR(_xlfn.XLOOKUP(TEXT(E8,"0000"),TEXT(Catalog!A:A,"0000"),Catalog!B:B),"")} -> INB.KAST MP56 METALBOX NG | G8: 4
A9: VICTORIA | B9: 2 | C9: 1 | D9: 27-01-26 | E9: 7195 | F9: {=IFERROR(_xlfn.XLOOKUP(TEXT(E9,"0000"),TEXT(Catalog!A:A,"0000"),Catalog!B:B),"")} -> INB.KAST MP42 METALBOX NG | G9: 7
A10: VICTORIA | B10: 2 | C10: 1 | D10: 27-01-26 | E10: 7193 | F10: {=IFERROR(_xlfn.XLOOKUP(TEXT(E10,"0000"),TEXT(Catalog!A:A,"0000"),Catalog!B:B),"")} -> INB.KAST MP14 METALBOX NG | G10: 8
D13: A-2 | K13: Cajas import | L13: Total | M13: Observaciones
D14: Fecha | E14: Código | F14: Referencia | G14: Cajas | H14: Sueltos | I14: Cajas 0x0 | J14: Sueltos | L14: Unidades
A15: VICTORIA | B15: 2 | C15: 2 | D15: 27-01-26 | E15: 7144 | F15: {=IFERROR(_xlfn.XLOOKUP(TEXT(E15,"0000"),TEXT(Catalog!A:A,"0000"),Catalog!B:B),"")} -> OPB.KAST WD 6MD R1306BR1 | G15: 8
A16: VICTORIA | B16: 2 | C16: 2 | D16: 27-01-26 | E16: 7148 | F16: {=IFERROR(_xlfn.XLOOKUP(TEXT(E16,"0000"),TEXT(Catalog!A:A,"0000"),Catalog!B:B),"")} -> OPB.KAST WD 8MD 1308BR1 | G16: 6
A17: VICTORIA | B17: 2 | C17: 2 | D17: 27-01-26 | E17: 7168 | F17: {=IFERROR(_xlfn.XLOOKUP(TEXT(E17,"0000"),TEXT(Catalog!A:A,"0000"),Catalog!B:B),"")} -> OPB.KAST WD 36MD 1336PR1 | G17: 2
A18: VICTORIA | B18: 2 | C18: 2 | D18: 27-01-26 | E18: 7194 | F18: {=IFERROR(_xlfn.XLOOKUP(TEXT(E18,"0000"),TEXT(Catalog!A:A,"0000"),Catalog!B:B),"")} -> INB.KAST MP28 METALBOX NG | G18: 12
D21: A-3 | K21: Cajas import | L21: Total | M21: Observaciones
D22: Fecha | E22: Código | F22: Referencia | G22: Cajas | H22: Sueltos | I22: Cajas 0x0 | J22: Sueltos | L22: Unidades
A23: VICTORIA | B23: 2 | C23: 3 | D23: 27-01-26 | E23: 1507 | F23: {=IFERROR(_xlfn.XLOOKUP(TEXT(E23,"0000"),TEXT(Catalog!A:A,"0000"),Catalog!B:B),"")} -> OPBOUWKAST4-RIJ VA 424 T 48PE | G23: 2
A24: VICTORIA | B24: 2 | C24: 3 | D24: 27-01-26 | E24: 1665 | F24: {=IFERROR(_xlfn.XLOOKUP(TEXT(E24,"0000"),TEXT(Catalog!A:A,"0000"),Catalog!B:B),"")} -> MOELLER INB BF-U-5/120 | G24: 2
A25: VICTORIA | B25: 2 | C25: 3 | D25: 27-01-26 | E25: 7151 | F25: {=IFERROR(_xlfn.XLOOKUP(TEXT(E25,"0000"),TEXT(Catalog!A:A,"0000"),Catalog!B:B),"")} -> OPB.KAST 28MD 5281R1 | G25: 31
A26: VICTORIA | B26: 2 | C26: 3 | D26: 27-01-26 | E26: 1657 | F26: {=IFERROR(_xlfn.XLOOKUP(TEXT(E26,"0000"),TEXT(Catalog!A:A,"0000"),Catalog!B:B),"")} -> MOELLER OPB BF-0-5/120 | G26: 1
A27: VICTORIA | B27: 2 | C27: 3 | D27: 27-01-26 | F27: Cajas de sueltos | M27: Foto
D30: A-4 | K30: Cajas import | L30: Total | M30: Observaciones
D31: Fecha | E31: Código | F31: Referencia | G31: Cajas | H31: Sueltos | I31: Cajas 0x0 | J31: Sueltos | L31: Unidades
A32: VICTORIA | B32: 2 | C32: 4 | D32: 27-01-26 | E32: 1664 | F32: {=IFERROR(_xlfn.XLOOKUP(TEXT(E32,"0000"),TEXT(Catalog!A:A,"0000"),Catalog!B:B),"")} -> MOELLER INB BF-U-4/96 | G32: 7
A33: VICTORIA | B33: 2 | C33: 4 | D33: 27-01-26 | E33: 7147 | F33: {=IFERROR(_xlfn.XLOOKUP(TEXT(E33,"0000"),TEXT(Catalog!A:A,"0000"),Catalog!B:B),"")} -> OPB.KAST WD 48MD 1348R1 | G33: 6
A34: VICTORIA | B34: 2 | C34: 4 | D34: 27-01-26 | E34: 7184 | F34: {=IFERROR(_xlfn.XLOOKUP(TEXT(E34,"0000"),TEXT(Catalog!A:A,"0000"),Catalog!B:B),"")} -> INB.KAST MP14 METALBOX | G34: 2
A35: VICTORIA | B35: 2 | C35: 4 | D35: 27-01-26 | E35: 7193 | F35: {=IFERROR(_xlfn.XLOOKUP(TEXT(E35,"0000"),TEXT(Catalog!A:A,"0000"),Catalog!B:B),"")} -> INB.KAST MP14 METALBOX NG | G35: 22
D38: A-5 | K38: Cajas import | L38: Total | M38: Observaciones
D39: Fecha | E39: Código | F39: Referencia | G39: Cajas | H39: Sueltos | I39: Cajas 0x0 | J39: Sueltos | L39: Unidades
A40: VICTORIA | B40: 2 | C40: 5 | D40: 27-01-26 | E40: 1985 | F40: {=IFERROR(_xlfn.XLOOKUP(TEXT(E40,"0000"),TEXT(Catalog!A:A,"0000"),Catalog!B:B),"")} -> MESPATROON HOUDER 160 A-NH-00 | G40: 36
A41: VICTORIA | B41: 2 | C41: 5 | D41: 27-01-26 | E41: 1988 | F41: {=IFERROR(_xlfn.XLOOKUP(TEXT(E41,"0000"),TEXT(Catalog!A:A,"0000"),Catalog!B:B),"")} -> MESPATROON HOUDER 400 A-NH-2 | G41: 22
A42: VICTORIA | B42: 2 | C42: 5 | D42: 27-01-26 | E42: 1987 | F42: {=IFERROR(_xlfn.XLOOKUP(TEXT(E42,"0000"),TEXT(Catalog!A:A,"0000"),Catalog!B:B),"")} -> MESPATROON HOUDER 250 A-NH-1 | G42: 1
A43: VICTORIA | B43: 2 | C43: 5 | D43: 27-01-26 | E43: 1659 | F43: {=IFERROR(_xlfn.XLOOKUP(TEXT(E43,"0000"),TEXT(Catalog!A:A,"0000"),Catalog!B:B),"")} -> MOELLER OPB BF-0-3/72 | G43: 7
D46: A-6 | K46: Cajas import | L46: Total | M46: Observaciones
D47: Fecha | E47: Código | F47: Referencia | G47: Cajas | H47: Sueltos | I47: Cajas 0x0 | J47: Sueltos | L47: Unidades
A48: VICTORIA | B48: 2 | C48: 6 | D48: 27-01-26 | E48: 7191 | F48: {=IFERROR(_xlfn.XLOOKUP(TEXT(E48,"0000"),TEXT(Catalog!A:A,"0000"),Catalog!B:B),"")} -> EARTH TERMINAL GREEN | H48: 53
A49: VICTORIA | B49: 2 | C49: 6 | D49: 27-01-26 | E49: 1658 | F49: {=IFERROR(_xlfn.XLOOKUP(TEXT(E49,"0000"),TEXT(Catalog!A:A,"0000"),Catalog!B:B),"")} -> MOELLER OPB BF-0-6/144 | G49: 3
A50: VICTORIA | B50: 2 | C50: 6 | D50: 27-01-26 | E50: 1666 | F50: {=IFERROR(_xlfn.XLOOKUP(TEXT(E50,"0000"),TEXT(Catalog!A:A,"0000"),Catalog!B:B),"")} -> MOELLER INB BF-U-6/144 | G50: 5
A51: VICTORIA | B51: 2 | C51: 6 | D51: 27-01-26 | E51: 7186 | F51: {=IFERROR(_xlfn.XLOOKUP(TEXT(E51,"0000"),TEXT(Catalog!A:A,"0000"),Catalog!B:B),"")} -> INB.KAST MP42 METALBOX
A52: VICTORIA | B52: 2 | C52: 6 | D52: 27-01-26 | E52: 7195 | F52: {=IFERROR(_xlfn.XLOOKUP(TEXT(E52,"0000"),TEXT(Catalog!A:A,"0000"),Catalog!B:B),"")} -> INB.KAST MP42 METALBOX NG | G52: 11
A53: VICTORIA | B53: 2 | C53: 6 | D53: 27-01-26 | E53: 1657 | F53: {=IFERROR(_xlfn.XLOOKUP(TEXT(E53,"0000"),TEXT(Catalog!A:A,"0000"),Catalog!B:B),"")} -> MOELLER OPB BF-0-5/120 | G53: 1
D55: D-1 | K55: Cajas import | L55: Total | M55: Observaciones
D56: Fecha | E56: Código | F56: Referencia | G56: Cajas | H56: Sueltos | I56: Cajas 0x0 | J56: Sueltos | L56: Unidades
A57: VICTORIA | B57: 2 | C57: 37 | D57: 27-01-26 | E57: 7167 | F57: {=IFERROR(_xlfn.XLOOKUP(TEXT(E57,"0000"),TEXT(Catalog!A:A,"0000"),Catalog!B:B),"")} -> OPB.KAST 12MD 8703R1 | G57: 44
A58: VICTORIA | B58: 2 | C58: 37 | D58: 27-01-26 | E58: 7153 | F58: {=IFERROR(_xlfn.XLOOKUP(TEXT(E58,"0000"),TEXT(Catalog!A:A,"0000"),Catalog!B:B),"")} -> OPB.KAST 56MD 5271R1 | G58: 13
A59: VICTORIA | B59: 2 | C59: 37 | D59: 27-01-26 | E59: 7169 | F59: {=IFERROR(_xlfn.XLOOKUP(TEXT(E59,"0000"),TEXT(Catalog!A:A,"0000"),Catalog!B:B),"")} -> OPB.KAST WD 11MD BW 1311AR1 | G59: 1
D62: D-2 | K62: Cajas import | L62: Total | M62: Observaciones
D63: Fecha | E63: Código | F63: Referencia | G63: Cajas | H63: Sueltos | I63: Cajas 0x0 | J63: Sueltos | L63: Unidades
A64: VICTORIA | B64: 2 | C64: 38 | D64: 27-01-26 | E64: 1664 | F64: {=IFERROR(_xlfn.XLOOKUP(TEXT(E64,"0000"),TEXT(Catalog!A:A,"0000"),Catalog!B:B),"")} -> MOELLER INB BF-U-4/96 | G64: 2
A65: VICTORIA | B65: 2 | C65: 38 | D65: 27-01-26 | E65: 7146 | F65: {=IFERROR(_xlfn.XLOOKUP(TEXT(E65,"0000"),TEXT(Catalog!A:A,"0000"),Catalog!B:B),"")} -> OPB.KAST WD 8MD 1308PR1 BW | G65: 10
A66: VICTORIA | B66: 2 | C66: 38 | D66: 27-01-26 | E66: 7152 | F66: {=IFERROR(_xlfn.XLOOKUP(TEXT(E66,"0000"),TEXT(Catalog!A:A,"0000"),Catalog!B:B),"")} -> OPB.KAST 42MD 5261R1 | G66: 15
D69: D-3 | K69: Cajas import | L69: Total | M69: Observaciones
D70: Fecha | E70: Código | F70: Referencia | G70: Cajas | H70: Sueltos | I70: Cajas 0x0 | J70: Sueltos | L70: Unidades
A71: VICTORIA | B71: 2 | C71: 39 | D71: 27-01-26 | E71: 1661 | F71: {=IFERROR(_xlfn.XLOOKUP(TEXT(E71,"0000"),TEXT(Catalog!A:A,"0000"),Catalog!B:B),"")} -> MOELLER INB BF-U-5/165 | G71: 2
A72: VICTORIA | B72: 2 | C72: 39 | D72: 27-01-26 | E72: 1657 | F72: {=IFERROR(_xlfn.XLOOKUP(TEXT(E72,"0000"),TEXT(Catalog!A:A,"0000"),Catalog!B:B),"")} -> MOELLER OPB BF-0-5/120 | G72: 1
A73: VICTORIA | B73: 2 | C73: 39 | D73: 27-01-26 | E73: 7145 | F73: {=IFERROR(_xlfn.XLOOKUP(TEXT(E73,"0000"),TEXT(Catalog!A:A,"0000"),Catalog!B:B),"")} -> BW.KAST WD 32MD 1332PR1 | G73: 9
A74: VICTORIA | B74: 2 | C74: 39 | D74: 27-01-26 | E74: 7141 | F74: {=IFERROR(_xlfn.XLOOKUP(TEXT(E74,"0000"),TEXT(Catalog!A:A,"0000"),Catalog!B:B),"")} -> BW.KAST WD 16MD 1316P-R1 | G74: 6
F75: 1 CAJA DE SUELTOS DAÑADOS | M75: Foto
F76: 1CAJA DE SUELTOS DAÑADOS | M76: Foto
D79: D-4 | K79: Cajas import | L79: Total | M79: Observaciones
D80: Fecha | E80: Código | F80: Referencia | G80: Cajas | H80: Sueltos | I80: Cajas 0x0 | J80: Sueltos | L80: Unidades
A81: VICTORIA | B81: 2 | C81: 40 | D81: 27-01-26 | E81: 7150 | F81: {=IFERROR(_xlfn.XLOOKUP(TEXT(E81,"0000"),TEXT(Catalog!A:A,"0000"),Catalog!B:B),"")} -> OPB.KAST 14MD 5021R1 | G81: 45
A82: VICTORIA | B82: 2 | C82: 40 | D82: 27-01-26 | E82: 7149 | F82: {=IFERROR(_xlfn.XLOOKUP(TEXT(E82,"0000"),TEXT(Catalog!A:A,"0000"),Catalog!B:B),"")} -> OPB.KAST 8MD 5109R1 | G82: 17
A83: VICTORIA | B83: 2 | C83: 40 | D83: 27-01-26 | E83: 1656 | F83: {=IFERROR(_xlfn.XLOOKUP(TEXT(E83,"0000"),TEXT(Catalog!A:A,"0000"),Catalog!B:B),"")} -> MOELLER OPB BF-0-4/96 | G83: 8
D86: D-5 | K86: Cajas import | L86: Total | M86: Observaciones
D87: Fecha | E87: Código | F87: Referencia | G87: Cajas | H87: Sueltos | I87: Cajas 0x0 | J87: Sueltos | L87: Unidades
A88: VICTORIA | B88: 2 | C88: 41 | D88: 27-01-26 | E88: 3314 | F88: {=IFERROR(_xlfn.XLOOKUP(TEXT(E88,"0000"),TEXT(Catalog!A:A,"0000"),Catalog!B:B),"")} -> PICKENS RFTN 150W 7000K FLAT | G88: 3
A89: VICTORIA | B89: 2 | C89: 41 | D89: 27-01-26 | E89: 1993 | F89: {=IFERROR(_xlfn.XLOOKUP(TEXT(E89,"0000"),TEXT(Catalog!A:A,"0000"),Catalog!B:B),"")} -> SCHAKELKAST MESPATROON 630A | G89: 6
A90: VICTORIA | B90: 2 | C90: 41 | D90: 27-01-26 | E90: 1992 | F90: {=IFERROR(_xlfn.XLOOKUP(TEXT(E90,"0000"),TEXT(Catalog!A:A,"0000"),Catalog!B:B),"")} -> SCHAKELKAST MESPATROON 400A | G90: 5
A91: VICTORIA | B91: 2 | C91: 41 | D91: 27-01-26 | F91: Caja de sueltos | H91: 49
A92: VICTORIA | B92: 2 | C92: 41 | D92: 27-01-26 | F92: Caja de sueltos | H92: 30
D95: D-6 | K95: Cajas import | L95: Total | M95: Observaciones
D96: Fecha | E96: Código | F96: Referencia | G96: Cajas | H96: Sueltos | I96: Cajas 0x0 | J96: Sueltos | L96: Unidades
A97: VICTORIA | B97: 2 | C97: 42 | D97: 27-01-26 | E97: 7157 | F97: {=IFERROR(_xlfn.XLOOKUP(TEXT(E97,"0000"),TEXT(Catalog!A:A,"0000"),Catalog!B:B),"")} -> INB.KAST 48/56MD 5270R1 | G97: 12
A98: VICTORIA | B98: 2 | C98: 42 | D98: 27-01-26 | E98: 1991 | F98: {=IFERROR(_xlfn.XLOOKUP(TEXT(E98,"0000"),TEXT(Catalog!A:A,"0000"),Catalog!B:B),"")} -> SCHAKELKAST MESPATROON 250A | G98: 4
A99: VICTORIA | B99: 2 | C99: 42 | D99: 28-01-26 | E99: 3494 | F99: {=IFERROR(_xlfn.XLOOKUP(TEXT(E99,"0000"),TEXT(Catalog!A:A,"0000"),Catalog!B:B),"")} -> ETI 3901518 GR VS 16 YELLO/GR | H99: 32
A100: VICTORIA | B100: 2 | C100: 42 | D100: 28-01-26 | E100: 3492 | F100: {=IFERROR(_xlfn.XLOOKUP(TEXT(E100,"0000"),TEXT(Catalog!A:A,"0000"),Catalog!B:B),"")} -> ETI3901360 LIN UP VSV4 FUSE | G100: 8x50
A101: VICTORIA | B101: 2 | C101: 42 | D101: 28-01-26 | E101: 3500 | F101: {=IFERROR(_xlfn.XLOOKUP(TEXT(E101,"0000"),TEXT(Catalog!A:A,"0000"),Catalog!B:B),"")} -> ETI 3901068 TERMINAL VS 6 IVOR
A102: VICTORIA | B102: 2 | C102: 42 | D102: 28-01-26 | E102: 3498 | F102: {=IFERROR(_xlfn.XLOOKUP(TEXT(E102,"0000"),TEXT(Catalog!A:A,"0000"),Catalog!B:B),"")} -> ETI 3901037 TERMINAL VS 4MM | G102: 1x100 | H102: 80
A103: VICTORIA | B103: 2 | C103: 42 | D103: 28-01-26 | E103: 3504 | F103: {=IFERROR(_xlfn.XLOOKUP(TEXT(E103,"0000"),TEXT(Catalog!A:A,"0000"),Catalog!B:B),"")} -> ETI 3901188 TERMINAL VS 70 IVO | G103: 60 | H103: 7
A104: VICTORIA | B104: 2 | C104: 42 | D104: 28-01-26 | E104: 3487 | F104: {=IFERROR(_xlfn.XLOOKUP(TEXT(E104,"0000"),TEXT(Catalog!A:A,"0000"),Catalog!B:B),"")} -> ETI 3901375 EINDPLAAT VSV4 | G104: 2x50 | H104: 47
A105: VICTORIA | B105: 2 | C105: 42 | D105: 28-01-26 | E105: 3505 | F105: {=IFERROR(_xlfn.XLOOKUP(TEXT(E105,"0000"),TEXT(Catalog!A:A,"0000"),Catalog!B:B),"")} -> ETI 3901189 TERMINAL VS70 BLUE | G105: 3x20
A106: VICTORIA | B106: 2 | C106: 42 | D106: 28-01-26 | E106: 3508 | F106: {=IFERROR(_xlfn.XLOOKUP(TEXT(E106,"0000"),TEXT(Catalog!A:A,"0000"),Catalog!B:B),"")} -> ETI 3901157 TERMINAL VS35 IVOR | G106: 3x20
A107: VICTORIA | B107: 2 | C107: 42 | D107: 28-01-26 | E107: 3493 | F107: {=IFERROR(_xlfn.XLOOKUP(TEXT(E107,"0000"),TEXT(Catalog!A:A,"0000"),Catalog!B:B),"")} -> ETI 3901539 GR VS 35 YELLO/GR | G107: 1x20 | H107: 17
A108: VICTORIA | B108: 2 | C108: 42 | D108: 28-01-26 | E108: 3504 | F108: {=IFERROR(_xlfn.XLOOKUP(TEXT(E108,"0000"),TEXT(Catalog!A:A,"0000"),Catalog!B:B),"")} -> ETI 3901188 TERMINAL VS 70 IVO | G108: 1x20
A109: VICTORIA | B109: 2 | C109: 42 | D109: 28-01-26 | E109: 3502 | F109: {=IFERROR(_xlfn.XLOOKUP(TEXT(E109,"0000"),TEXT(Catalog!A:A,"0000"),Catalog!B:B),"")} -> ETI 3901129 TERMINAL VS 16 IVO | G109: 1x50
A110: VICTORIA | B110: 2 | C110: 42 | D110: 28-01-26 | E110: 3503 | F110: {=IFERROR(_xlfn.XLOOKUP(TEXT(E110,"0000"),TEXT(Catalog!A:A,"0000"),Catalog!B:B),"")} -> ETI 3901130 TERMINAL VS16 BLUE | H110: 43
A111: VICTORIA | B111: 2 | C111: 42 | D111: 28-01-26 | E111: 3506 | F111: {=IFERROR(_xlfn.XLOOKUP(TEXT(E111,"0000"),TEXT(Catalog!A:A,"0000"),Catalog!B:B),"")} -> ETI 3901101 TERMINAL VS10 IVOR | G111: 2x50
A112: VICTORIA | B112: 2 | C112: 42 | D112: 28-01-26 | E112: 3507 | F112: {=IFERROR(_xlfn.XLOOKUP(TEXT(E112,"0000"),TEXT(Catalog!A:A,"0000"),Catalog!B:B),"")} -> ETI 3901102 TERMINAL VS10 BLUE | G112: 1x50
A113: VICTORIA | B113: 2 | C113: 42 | D113: 28-01-26 | E113: 3501 | F113: {=IFERROR(_xlfn.XLOOKUP(TEXT(E113,"0000"),TEXT(Catalog!A:A,"0000"),Catalog!B:B),"")} -> ETI 3901069 TERMINAL VS 6 BLUE | G113: 1x50
A114: VICTORIA | B114: 2 | C114: 42 | D114: 28-01-26 | E114: 3495 | F114: {=IFERROR(_xlfn.XLOOKUP(TEXT(E114,"0000"),TEXT(Catalog!A:A,"0000"),Catalog!B:B),"")} -> ETI 3901497 GR VS6 YELLO/GR | H114: 47
A115: VICTORIA | B115: 2 | C115: 42 | D115: 28-01-26 | E115: 3496 | F115: {=IFERROR(_xlfn.XLOOKUP(TEXT(E115,"0000"),TEXT(Catalog!A:A,"0000"),Catalog!B:B),"")} -> ETI 3901476 GR VS4 YELLO/GR | G115: 1x75
A116: VICTORIA | B116: 2 | C116: 42 | D116: 28-01-26 | E116: 1510 | F116: {=IFERROR(_xlfn.XLOOKUP(TEXT(E116,"0000"),TEXT(Catalog!A:A,"0000"),Catalog!B:B),"")} -> INBOUWKAST 1-RIJ BLD 610372 | G116: 2
A117: VICTORIA | B117: 2 | C117: 42 | D117: 28-01-26 | E117: 3487 | F117: {=IFERROR(_xlfn.XLOOKUP(TEXT(E117,"0000"),TEXT(Catalog!A:A,"0000"),Catalog!B:B),"")} -> ETI 3901375 EINDPLAAT VSV4 | G117: 7x50
A118: VICTORIA | B118: 2 | C118: 42 | D118: 28-01-26 | E118: 3492 | F118: {=IFERROR(_xlfn.XLOOKUP(TEXT(E118,"0000"),TEXT(Catalog!A:A,"0000"),Catalog!B:B),"")} -> ETI3901360 LIN UP VSV4 FUSE | G118: 12
A119: VICTORIA | B119: 2 | C119: 42 | D119: 28-01-26 | E119: 0511 | F119: {=IFERROR(_xlfn.XLOOKUP(TEXT(E119,"0000"),TEXT(Catalog!A:A,"0000"),Catalog!B:B),"")} -> PLAFONDDOOS 97371201 GRO-2 120 | G119: 23
F120: Muestra Indubox Solera
F121: 3 cajas restante de proyecto
...

Sheet D3 (V) Fixed
D1: Deposito Nro 3
D2: C2 | K2: Cajas import | L2: Total | M2: Observaciones
D3: Fecha | E3: Código | F3: Referencia | G3: Cajas | H3: Sueltos | I3: Cajas 0x0 | J3: Sueltos | L3: Unidades
A4: VICTORIA | B4: 3 | C4: 26 | D4: 30-01-2026 | E4: 15144 | F4: {=IFERROR(_xlfn.XLOOKUP(TEXT(E4,"0000"),TEXT(Catalog!A:A,"0000"),Catalog!B:B),"")} -> OPB.KAST WD 36MD CDN36PT/RR | G4: 21
A5: VICTORIA | B5: 3 | C5: 26 | D5: 30-01-2026 | E5: 15145 | F5: {=IFERROR(_xlfn.XLOOKUP(TEXT(E5,"0000"),TEXT(Catalog!A:A,"0000"),Catalog!B:B),"")} -> OPB.KAST WD 54MD CDP54 PT/RR | G5: 12
A6: VICTORIA | B6: 3 | C6: 26 | D6: 30-01-2026 | E6: 7052 | F6: {=IFERROR(_xlfn.XLOOKUP(TEXT(E6,"0000"),TEXT(Catalog!A:A,"0000"),Catalog!B:B),"")} -> JUNCTION BOX 125A 4*11 | G6: 2
A7: VICTORIA | B7: 3 | C7: 26 | D7: 30-01-2026 | E7: 7051 | F7: {=IFERROR(_xlfn.XLOOKUP(TEXT(E7,"0000"),TEXT(Catalog!A:A,"0000"),Catalog!B:B),"")} -> JUNCTION BOX 125A 4*7 | G7: 37
A8: VICTORIA | B8: 3
A9: VICTORIA | B9: 3 | D9: C1 | K9: Cajas import | L9: Total | M9: Observaciones
A10: VICTORIA | B10: 3 | D10: Fecha | E10: Código | F10: Referencia | G10: Cajas | H10: Sueltos | I10: Cajas 0x0 | J10: Sueltos | L10: Unidades
A11: VICTORIA | B11: 3 | C11: 21 | D11: 30-01-2026 | E11: 0615 | F11: {=IFERROR(_xlfn.XLOOKUP(TEXT(E11,"0000"),TEXT(Catalog!A:A,"0000"),Catalog!B:B),"")} -> ZEKERING 63A | G11: 1325
A12: VICTORIA | B12: 3 | C12: 21 | D12: 30-01-2026 | E12: 0614 | F12: {=IFERROR(_xlfn.XLOOKUP(TEXT(E12,"0000"),TEXT(Catalog!A:A,"0000"),Catalog!B:B),"")} -> ZEKERING 50A | G12: 950
A13: VICTORIA | B13: 3 | C13: 21 | D13: 30-01-2026 | E13: 0613 | F13: {=IFERROR(_xlfn.XLOOKUP(TEXT(E13,"0000"),TEXT(Catalog!A:A,"0000"),Catalog!B:B),"")} -> ZEKERING 35A | G13: 875
A14: VICTORIA | B14: 3 | C14: 21 | D14: 30-01-2026 | E14: 0612 | F14: {=IFERROR(_xlfn.XLOOKUP(TEXT(E14,"0000"),TEXT(Catalog!A:A,"0000"),Catalog!B:B),"")} -> ZEKERING 25A | G14: 477
A15: VICTORIA | B15: 3 | C15: 21 | D15: 30-01-2026 | E15: 0611 | F15: {=IFERROR(_xlfn.XLOOKUP(TEXT(E15,"0000"),TEXT(Catalog!A:A,"0000"),Catalog!B:B),"")} -> ZEKERING 20A | G15: 1300
A16: VICTORIA | B16: 3 | C16: 21 | D16: 30-01-2026 | E16: 0610 | F16: {=IFERROR(_xlfn.XLOOKUP(TEXT(E16,"0000"),TEXT(Catalog!A:A,"0000"),Catalog!B:B),"")} -> ZEKERING 16A | G16: 500
A17: VICTORIA | B17: 3
A18: VICTORIA | B18: 3 | D18: C7 | K18: Cajas import | L18: Total | M18: Observaciones
A19: VICTORIA | B19: 3 | D19: Fecha | E19: Código | F19: Referencia | G19: Cajas | H19: Sueltos | I19: Cajas 0x0 | J19: Sueltos | L19: Unidades
A20: VICTORIA | B20: 3 | C20: 31 | D20: 30-01-2026 | E20: 0577 | F20: {=IFERROR(_xlfn.XLOOKUP(TEXT(E20,"0000"),TEXT(Catalog!A:A,"0000"),Catalog!B:B),"")} -> LASDOPPEN 12-24 mm | G20: 220 | M20: 1650 STUCKS
A21: VICTORIA | B21: 3 | C21: 31 | D21: 30-01-2026 | E21: 0575 | F21: {=IFERROR(_xlfn.XLOOKUP(TEXT(E21,"0000"),TEXT(Catalog!A:A,"0000"),Catalog!B:B),"")} -> LASDOPPEN 3.0-12.5 mm | G21: 100 | M21: 5000 STUCKS
A22: VICTORIA | B22: 3 | C22: 31 | D22: 30-01-2026 | E22: 0576 | F22: {=IFERROR(_xlfn.XLOOKUP(TEXT(E22,"0000"),TEXT(Catalog!A:A,"0000"),Catalog!B:B),"")} -> LASDOPPEN 7.5-18.0 mm | G22: 80 | M22: 2400 STUCKS
A23: VICTORIA | B23: 3 | C23: 31 | D23: 30-01-2026 | E23: 7176 | F23: {=IFERROR(_xlfn.XLOOKUP(TEXT(E23,"0000"),TEXT(Catalog!A:A,"0000"),Catalog!B:B),"")} -> INSTEEK FLEXIBLE CLE54 | G23: 60
A24: VICTORIA | B24: 3 | C24: 31 | D24: 30-01-2026 | E24: 0569 | F24: {=IFERROR(_xlfn.XLOOKUP(TEXT(E24,"0000"),TEXT(Catalog!A:A,"0000"),Catalog!B:B),"")} -> CONEX STEEKKLEM 3-VOUDIG | G24: 160 | M24: 12000 STUCKS
A25: VICTORIA | B25: 3 | C25: 31 | D25: 30-01-2026 | E25: 0570 | F25: {=IFERROR(_xlfn.XLOOKUP(TEXT(E25,"0000"),TEXT(Catalog!A:A,"0000"),Catalog!B:B),"")} -> CONEX STEEKKLEM 4-VOUDIG | G25: 160 | M25: 12000 STUCKS
A26: VICTORIA | B26: 3 | C26: 31 | D26: 30-01-2026 | E26: 0571 | F26: {=IFERROR(_xlfn.XLOOKUP(TEXT(E26,"0000"),TEXT(Catalog!A:A,"0000"),Catalog!B:B),"")} -> CONEX STEEKKLEM 5-VOUDIG | G26: 140 | M26: 10500 STUCKS
A27: VICTORIA | B27: 3 | C27: 31 | D27: 30-01-2026 | E27: 15143 | F27: {=IFERROR(_xlfn.XLOOKUP(TEXT(E27,"0000"),TEXT(Catalog!A:A,"0000"),Catalog!B:B),"")} -> OPB.KAST WD 24MD CDN24PT/RR | G27: 1 | M27: CAJA ROTA HAY OTRAS C10
A28: VICTORIA | B28: 3
A29: VICTORIA | B29: 3 | D29: C3 | K29: Cajas import | L29: Total | M29: Observaciones
A30: VICTORIA | B30: 3 | D30: Fecha | E30: Código | F30: Referencia | G30: Cajas | H30: Sueltos | I30: Cajas 0x0 | J30: Sueltos | L30: Unidades
A31: VICTORIA | B31: 3 | C31: 27 | D31: 30-01-2026 | E31: 0631 | F31: {=IFERROR(_xlfn.XLOOKUP(TEXT(E31,"0000"),TEXT(Catalog!A:A,"0000"),Catalog!B:B),"")} -> KSV PATRONEN 160A NH 00 | G31: 5X3 | L31: 15
A32: VICTORIA | B32: 3 | C32: 27 | D32: 30-01-2026 | E32: 0630 | F32: {=IFERROR(_xlfn.XLOOKUP(TEXT(E32,"0000"),TEXT(Catalog!A:A,"0000"),Catalog!B:B),"")} -> KSV PATRONEN 125A NH 00 | G32: 17X3 | L32: 51 | M32: CONFIRMAR CODIGO
A33: VICTORIA | B33: 3 | C33: 27 | D33: 30-01-2026 | E33: 0628 | F33: {=IFERROR(_xlfn.XLOOKUP(TEXT(E33,"0000"),TEXT(Catalog!A:A,"0000"),Catalog!B:B),"")} -> KSV PATRONEN 80A NH 00 | G33: 9X9 | H33: 1 | L33: 81
A34: VICTORIA | B34: 3 | C34: 27 | D34: 30-01-2026 | E34: 0627 | F34: {=IFERROR(_xlfn.XLOOKUP(TEXT(E34,"0000"),TEXT(Catalog!A:A,"0000"),Catalog!B:B),"")} -> KSV PATRONEN 63A NH 00 | G34: 5X3 | L34: 15
A35: VICTORIA | B35: 3 | C35: 27 | D35: 30-01-2026 | E35: 0625 | F35: {=IFERROR(_xlfn.XLOOKUP(TEXT(E35,"0000"),TEXT(Catalog!A:A,"0000"),Catalog!B:B),"")} -> KSV PATRONEN 35A NH 00 | G35: 35X3 | L35: 105
A36: VICTORIA | B36: 3 | C36: 27 | D36: 30-01-2026 | E36: 0624 | F36: {=IFERROR(_xlfn.XLOOKUP(TEXT(E36,"0000"),TEXT(Catalog!A:A,"0000"),Catalog!B:B),"")} -> KSV PATRONEN 25A NH 00 | G36: 12X3 | L36: 36
A37: VICTORIA | B37: 3
A38: VICTORIA | B38: 3 | D38: C4 | K38: Cajas import | L38: Total | M38: Observaciones
A39: VICTORIA | B39: 3 | D39: Fecha | E39: Código | F39: Referencia | G39: Cajas | H39: Sueltos | I39: Cajas 0x0 | J39: Sueltos | L39: Unidades
A40: VICTORIA | B40: 3 | C40: 28 | D40: 30-01-2026 | E40: 1153 | F40: {=IFERROR(_xlfn.XLOOKUP(TEXT(E40,"0000"),TEXT(Catalog!A:A,"0000"),Catalog!B:B),"")} -> DEKSEL INB DOOS AM 4x4" 2-VOUD | G40: 15x50 | L40: 750
A41: VICTORIA | B41: 3 | C41: 28 | D41: 30-01-2026 | E41: 15140 | F41: {=IFERROR(_xlfn.XLOOKUP(TEXT(E41,"0000"),TEXT(Catalog!A:A,"0000"),Catalog!B:B),"")} -> OPB.KAST WD 12MD CDN12PT/RR | G41: 21 | L41: 21
A42: VICTORIA | B42: 3 | C42: 28 | D42: 30-01-2026 | E42: 1152 | F42: {=IFERROR(_xlfn.XLOOKUP(TEXT(E42,"0000"),TEXT(Catalog!A:A,"0000"),Catalog!B:B),"")} -> DEKSEL INB DOOS AM 4x4" 4150 | G42: 55x50 + 12x50 | L42: =2750+600 -> 3350 | M42: 55 modelo viejo 12 modelo nuevo
A43: VICTORIA | B43: 3 | C43: 28 | D43: 30-01-2026 | E43: 3332 | F43: {=IFERROR(_xlfn.XLOOKUP(TEXT(E43,"0000"),TEXT(Catalog!A:A,"0000"),Catalog!B:B),"")} -> PICKENS 18 WATT 6500K LED SPOT | G43: 3x8 | L43: 24
A44: VICTORIA | B44: 3 | C44: 28 | D44: 30-01-2026 | E44: 1375 | F44: {=IFERROR(_xlfn.XLOOKUP(TEXT(E44,"0000"),TEXT(Catalog!A:A,"0000"),Catalog!B:B),"")} -> RAWPLUGS WIT (5x25mm-1") | G44: 120 | M44: 30boxes 600frames 15000pcs
A45: VICTORIA | B45: 3 | C45: 28 | D45: 30-01-2026 | E45: 1376 | F45: {=IFERROR(_xlfn.XLOOKUP(TEXT(E45,"0000"),TEXT(Catalog!A:A,"0000"),Catalog!B:B),"")} -> RAWPLUGS ROOD (6X25mm-1") | G45: 96 | M45: 24boxes 480frames 12000pcs
A46: VICTORIA | B46: 3 | C46: 28 | D46: 30-01-2026 | E46: 1377 | F46: {=IFERROR(_xlfn.XLOOKUP(TEXT(E46,"0000"),TEXT(Catalog!A:A,"0000"),Catalog!B:B),"")} -> RAW PLUGS GROEN (7x35mm-1.1/2) | G46: 64 | M46: 16boxes 320frames 8000pcs
A47: VICTORIA | B47: 3 | C47: 28 | D47: 30-01-2026 | E47: 1378 | F47: {=IFERROR(_xlfn.XLOOKUP(TEXT(E47,"0000"),TEXT(Catalog!A:A,"0000"),Catalog!B:B),"")} -> RAWPLUGS BLAUW (8x35mm-1.1/2) | G47: 60 | M47: 12boxes 240frames 6000pcs
A48: VICTORIA | B48: 3 | C48: 28 | D48: 30-01-2026 | E48: 3124 | F48: {=IFERROR(_xlfn.XLOOKUP(TEXT(E48,"0000"),TEXT(Catalog!A:A,"0000"),Catalog!B:B),"")} -> REFLECTOR LED 200W 18000LM | G48: 2x4 y 3x4 | L48: 20
A49: VICTORIA | B49: 3 | C49: 28 | D49: 30-01-2026 | E49: 1150 | F49: {=IFERROR(_xlfn.XLOOKUP(TEXT(E49,"0000"),TEXT(Catalog!A:A,"0000"),Catalog!B:B),"")} -> INB DOOS AM 2x4" | G49: 16x50 | L49: 800 | M49: Modelo nuevo
A50: VICTORIA | B50: 3 | C50: 28 | D50: 30-01-2026 | E50: 1150 | F50: {=IFERROR(_xlfn.XLOOKUP(TEXT(E50,"0000"),TEXT(Catalog!A:A,"0000"),Catalog!B:B),"")} -> INB DOOS AM 2x4" | G50: 30x50 | L50: 1500 | M50: Modelo nuevo
A51: VICTORIA | B51: 3 | F51: Cable azul 95m | M51: 16
A52: VICTORIA | B52: 3
A53: VICTORIA | B53: 3 | D53: C3 | K53: Cajas import | L53: Total | M53: Observaciones
A54: VICTORIA | B54: 3 | D54: Fecha | E54: Código | F54: Referencia | G54: Cajas | H54: Sueltos | I54: Cajas 0x0 | J54: Sueltos | L54: Unidades
A55: VICTORIA | B55: 3 | C55: 27 | D55: 30-01-2026 | E55: 0620 | F55: {=IFERROR(_xlfn.XLOOKUP(TEXT(E55,"0000"),TEXT(Catalog!A:A,"0000"),Catalog!B:B),"")} -> KOP K2 | G55: 5x50 | L55: 250
A56: VICTORIA | B56: 3 | C56: 27 | D56: 30-01-2026 | E56: 0621 | F56: {=IFERROR(_xlfn.XLOOKUP(TEXT(E56,"0000"),TEXT(Catalog!A:A,"0000"),Catalog!B:B),"")} -> KOP K3 | G56: 8x20 | L56: 160
A57: VICTORIA | B57: 3 | C57: 27 | D57: 30-01-2026 | E57: 7054 | F57: {=IFERROR(_xlfn.XLOOKUP(TEXT(E57,"0000"),TEXT(Catalog!A:A,"0000"),Catalog!B:B),"")} -> FTG VerdeelBlok 4F 125A 1x35mm | L57: 8
A58: VICTORIA | B58: 3 | C58: 27 | D58: 30-01-2026 | E58: 7055 | F58: {=IFERROR(_xlfn.XLOOKUP(TEXT(E58,"0000"),TEXT(Catalog!A:A,"0000"),Catalog!B:B),"")} -> FTG Verdeel Blok1F 160A 1x70mm | G58: 3x20 | H58: 2 | L58: 32
A59: VICTORIA | B59: 3 | C59: 27 | D59: 30-01-2026 | E59: 0600 | F59: {=IFERROR(_xlfn.XLOOKUP(TEXT(E59,"0000"),TEXT(Catalog!A:A,"0000"),Catalog!B:B),"")} -> PASMOER 16A | G59: 60x25 | L59: 1500
A60: VICTORIA | B60: 3 | C60: 27 | D60: 30-01-2026 | E60: 0601 | F60: {=IFERROR(_xlfn.XLOOKUP(TEXT(E60,"0000"),TEXT(Catalog!A:A,"0000"),Catalog!B:B),"")} -> PASMOER 20A | L60: 465
A61: VICTORIA | B61: 3 | C61: 27 | D61: 30-01-2026 | E61: 0602 | F61: {=IFERROR(_xlfn.XLOOKUP(TEXT(E61,"0000"),TEXT(Catalog!A:A,"0000"),Catalog!B:B),"")} -> PASMOER 25A | L61: 525
A62: VICTORIA | B62: 3 | C62: 27 | D62: 30-01-2026 | E62: 0603 | F62: {=IFERROR(_xlfn.XLOOKUP(TEXT(E62,"0000"),TEXT(Catalog!A:A,"0000"),Catalog!B:B),"")} -> PASMOER 35A | L62: 100
A63: VICTORIA | B63: 3 | C63: 27 | D63: 30-01-2026 | E63: 0604 | F63: {=IFERROR(_xlfn.XLOOKUP(TEXT(E63,"0000"),TEXT(Catalog!A:A,"0000"),Catalog!B:B),"")} -> PASMOER 50A | L63: 75
A64: VICTORIA | B64: 3 | C64: 27 | D64: 30-01-2026 | E64: 0605 | F64: {=IFERROR(_xlfn.XLOOKUP(TEXT(E64,"0000"),TEXT(Catalog!A:A,"0000"),Catalog!B:B),"")} -> PASMOER 63A | L64: 330
A65: VICTORIA | B65: 3 | C65: 27 | D65: 30-01-2026 | E65: 0646 | F65: {=IFERROR(_xlfn.XLOOKUP(TEXT(E65,"0000"),TEXT(Catalog!A:A,"0000"),Catalog!B:B),"")} -> KSV PATRONEN 630A NH 3 | G65: 4x3 | L65: 12
A66: VICTORIA | B66: 3 | C66: 27 | D66: 30-01-2026 | E66: 0644 | F66: {=IFERROR(_xlfn.XLOOKUP(TEXT(E66,"0000"),TEXT(Catalog!A:A,"0000"),Catalog!B:B),"")} -> KSV PATRONEN 355A NH 1 | G66: 12x3 | L66: 36
A67: VICTORIA | B67: 3 | C67: 27 | D67: 30-01-2026 | E67: 0643 | F67: {=IFERROR(_xlfn.XLOOKUP(TEXT(E67,"0000"),TEXT(Catalog!A:A,"0000"),Catalog!B:B),"")} -> KSV PATRONEN 315A NH 1 | G67: 9x3 | L67: 27
A68: VICTORIA | B68: 3 | C68: 27 | D68: 30-01-2026 | E68: 0641 | F68: {=IFERROR(_xlfn.XLOOKUP(TEXT(E68,"0000"),TEXT(Catalog!A:A,"0000"),Catalog!B:B),"")} -> KSV PATRONEN 224A NH 1 | G68: 14x3 | L68: 42
A69: VICTORIA | B69: 3 | C69: 27 | D69: 30-01-2026 | E69: 0639 | F69: {=IFERROR(_xlfn.XLOOKUP(TEXT(E69,"0000"),TEXT(Catalog!A:A,"0000"),Catalog!B:B),"")} -> KSV PATRONEN 160A NH 1 | G69: 24x3 | L69: 72
A70: VICTORIA | B70: 3 | C70: 27 | D70: 30-01-2026 | E70: 0638 | F70: {=IFERROR(_xlfn.XLOOKUP(TEXT(E70,"0000"),TEXT(Catalog!A:A,"0000"),Catalog!B:B),"")} -> KSV PATRONEN 125A NH 1 | G70: 22x3 | L70: 66
A71: VICTORIA | B71: 3 | C71: 27 | D71: 30-01-2026 | E71: 0637 | F71: {=IFERROR(_xlfn.XLOOKUP(TEXT(E71,"0000"),TEXT(Catalog!A:A,"0000"),Catalog!B:B),"")} -> KSV PATRONEN 100A NH 1 | G71: 34x3 | L71: 102
A72: VICTORIA | B72: 3 | C72: 27 | D72: 30-01-2026 | E72: 0636 | F72: {=IFERROR(_xlfn.XLOOKUP(TEXT(E72,"0000"),TEXT(Catalog!A:A,"0000"),Catalog!B:B),"")} -> KSV PATRONEN 80A NH 1 | G72: 17x3 | L72: 51
A73: VICTORIA | B73: 3 | C73: 27 | D73: 30-01-2026 | E73: 0635 | F73: {=IFERROR(_xlfn.XLOOKUP(TEXT(E73,"0000"),TEXT(Catalog!A:A,"0000"),Catalog!B:B),"")} -> KSV PATRONEN 63A NH 1 | G73: 22x3 | L73: 66
A74: VICTORIA | B74: 3 | C74: 27 | D74: 30-01-2026 | E74: 3014 | F74: {=IFERROR(_xlfn.XLOOKUP(TEXT(E74,"0000"),TEXT(Catalog!A:A,"0000"),Catalog!B:B),"")} -> BUIGVEER 3/4" 2 mtr | L74: 2
A75: VICTORIA | B75: 3 | C75: 27 | D75: 30-01-2026 | E75: 3011 | F75: {=IFERROR(_xlfn.XLOOKUP(TEXT(E75,"0000"),TEXT(Catalog!A:A,"0000"),Catalog!B:B),"")} -> BUIGVEER 3/4" 1 mtr | L75: 9
A76: VICTORIA | B76: 3
A77: VICTORIA | B77: 3 | D77: C6 | K77: Cajas import | L77: Total | M77: Observaciones
A78: VICTORIA | B78: 3 | D78: Fecha | E78: Código | F78: Referencia | G78: Cajas | H78: Sueltos | I78: Cajas 0x0 | J78: Sueltos | L78: Unidades
A79: VICTORIA | B79: 3 | C79: 30 | D79: 30-01-2026 | E79: 15143 | F79: {=IFERROR(_xlfn.XLOOKUP(TEXT(E79,"0000"),TEXT(Catalog!A:A,"0000"),Catalog!B:B),"")} -> OPB.KAST WD 24MD CDN24PT/RR | G79: 22
A80: VICTORIA | B80: 3 | C80: 30 | D80: 30-01-2026 | E80: 15145 | F80: {=IFERROR(_xlfn.XLOOKUP(TEXT(E80,"0000"),TEXT(Catalog!A:A,"0000"),Catalog!B:B),"")} -> OPB.KAST WD 54MD CDP54 PT/RR | G80: 17
A81: VICTORIA | B81: 3
A82: VICTORIA | B82: 3 | D82: C10 | K82: Cajas import | L82: Total | M82: Observaciones
A83: VICTORIA | B83: 3 | D83: Fecha | E83: Código | F83: Referencia | G83: Cajas | H83: Sueltos | I83: Cajas 0x0 | J83: Sueltos | L83: Unidades
A84: VICTORIA | B84: 3 | C84: 34 | D84: 46055 | E84: 15143 | F84: {=IFERROR(_xlfn.XLOOKUP(TEXT(E84,"0000"),TEXT(Catalog!A:A,"0000"),Catalog!B:B),"")} -> OPB.KAST WD 24MD CDN24PT/RR | G84: 15
A85: VICTORIA | B85: 3 | C85: 34 | D85: 46055 | E85: 0703 | F85: {=IFERROR(_xlfn.XLOOKUP(TEXT(E85,"0000"),TEXT(Catalog!A:A,"0000"),Catalog!B:B),"")} -> ATT MONTAGEDEKSEL 2X WCD 1623 | G85: 13x10
A86: VICTORIA | B86: 3 | C86: 34 | D86: 46055 | E86: 0702 | F86: {=IFERROR(_xlfn.XLOOKUP(TEXT(E86,"0000"),TEXT(Catalog!A:A,"0000"),Catalog!B:B),"")} -> ATT MONTAGEDEKSEL 1X WCD 1622 | G86: 6x10
A87: VICTORIA | B87: 3 | C87: 34 | D87: 46055 | E87: 0517 | F87: {=IFERROR(_xlfn.XLOOKUP(TEXT(E87,"0000"),TEXT(Catalog!A:A,"0000"),Catalog!B:B),"")} -> CENTR ZIJKANT BODEM 76.5MM 169 | H87: 46
A88: VICTORIA | B88: 3 | C88: 34 | D88: 46055 | E88: 0513 | F88: {=IFERROR(_xlfn.XLOOKUP(TEXT(E88,"0000"),TEXT(Catalog!A:A,"0000"),Catalog!B:B),"")} -> INBOUWDS HOLLEWAND 16/19 | G88: 3x120 | L88: 360
A89: VICTORIA | B89: 3 | C89: 34 | D89: 46055 | E89: 0505 | F89: {=IFERROR(_xlfn.XLOOKUP(TEXT(E89,"0000"),TEXT(Catalog!A:A,"0000"),Catalog!B:B),"")} -> CD/RV RONDE DEKSEL CENTRAL | G89: 3x50 | L89: 150
A90: VICTORIA | B90: 3 | C90: 34 | D90: 46055 | E90: 0490 | F90: {=IFERROR(_xlfn.XLOOKUP(TEXT(E90,"0000"),TEXT(Catalog!A:A,"0000"),Catalog!B:B),"")} -> TREKDOOS 4202-D | G90: 10x10 | L90: 100
A91: VICTORIA | B91: 3
A92: VICTORIA | B92: 3 | D92: C9 | K92: Cajas import | L92: Total | M92: Observaciones
A93: VICTORIA | B93: 3 | D93: Fecha | E93: Código | F93: Referencia | G93: Cajas | H93: Sueltos | I93: Cajas 0x0 | J93: Sueltos | L93: Unidades | O93: NOTA APARTE MISMO SERIAL MISMO NOMBRE
A94: VICTORIA | B94: 3 | C94: 33 | D94: 46055 | E94: 0534 | F94: {=IFERROR(_xlfn.XLOOKUP(TEXT(E94,"0000"),TEXT(Catalog!A:A,"0000"),Catalog!B:B),"")} -> INBOUWDOOS DUBB WCD H140 | G94: 9x50 | O94: 1418 | P94: BERKER AFDEKPL SERIE 16238989
A95: VICTORIA | B95: 3 | C95: 33 | D95: 46055 | E95: 0490 | F95: {=IFERROR(_xlfn.XLOOKUP(TEXT(E95,"0000"),TEXT(Catalog!A:A,"0000"),Catalog!B:B),"")} -> TREKDOOS 4202-D | G95: 2x100 | O95: 14180 | P95: BERKER AFDPL SCHAK 3P 16658989
A96: VICTORIA | B96: 3 | C96: 33 | D96: 46055 | E96: 0700 | F96: {=IFERROR(_xlfn.XLOOKUP(TEXT(E96,"0000"),TEXT(Catalog!A:A,"0000"),Catalog!B:B),"")} -> ATT UNIVERSELE LASDOOS 1619 | G96: 3x100 | O96: 14181 | P96: BERKER AFDPL SCHAK2xW 16238989
A97: VICTORIA | B97: 3 | C97: 33 | D97: 46055 | E97: 0535 | F97: {=IFERROR(_xlfn.XLOOKUP(TEXT(E97,"0000"),TEXT(Catalog!A:A,"0000"),Catalog!B:B),"")} -> GIETBOUWDOOS EURO 2x3/4 MGD50 | G97: 2x100
A98: VICTORIA | B98: 3
A99: VICTORIA | B99: 3 | D99: C8 | K99: Cajas import | L99: Total | M99: Observaciones
A100: VICTORIA | B100: 3 | D100: Fecha | E100: Código | F100: Referencia | G100: Cajas | H100: Sueltos | I100: Cajas 0x0 | J100: Sueltos | L100: Unidades
...

Sheet D1 (M) Fixed
D1: Deposito Nro 1
D2: A-1 | K2: Cajas import | L2: Total | M2: Observaciones
D3: Fecha | E3: Código | F3: Referencia | G3: Cajas | H3: Sueltos | I3: Cajas 0x0 | J3: Sueltos | L3: Unidades
A4: MALINA | B4: 1 | C4: 1 | D4: 26-01-26 | E4: 3229 | G4: 81
D7: A-2 | K7: Cajas import | L7: Total | M7: Observaciones
D8: Fecha | E8: Código | F8: Referencia | G8: Cajas | H8: Sueltos | I8: Cajas 0x0 | J8: Sueltos | L8: Unidades
A9: MALINA | B9: 1 | C9: 2 | D9: 26-01-26 | E9: 0103 | G9: 489
D12: A-3 | K12: Cajas import | L12: Total | M12: Observaciones
D13: Fecha | E13: Código | F13: Referencia | G13: Cajas | H13: Sueltos | I13: Cajas 0x0 | J13: Sueltos | L13: Unidades
A14: MALINA | B14: 1 | C14: 3 | D14: 26-01-26 | E14: 0101 | G14: 291
D17: A-4 | K17: Cajas import | L17: Total | M17: Observaciones
A18: MALINA | B18: 1 | C18: 4 | D18: Fecha | E18: Código | F18: Referencia | G18: Cajas | H18: Sueltos | I18: Cajas 0x0 | J18: Sueltos | L18: Unidades
D19: 26-01-26 | E19: 3231 | G19: 59
A22: 0 | D22: A-5 | K22: Cajas import | L22: Total | M22: Observaciones
D23: Fecha | E23: Código | F23: Referencia | G23: Cajas | H23: Sueltos | I23: Cajas 0x0 | J23: Sueltos | L23: Unidades
A24: MALINA | B24: 1 | C24: 5 | D24: 26-01-26 | E24: 3258 | G24: 6 | H24: 11
A25: MALINA | B25: 1 | C25: 5 | D25: 26-01-26 | E25: 3225 | G25: 2
A26: MALINA | B26: 1 | C26: 5 | D26: 26-01-26 | E26: 3275 | G26: 2
A27: MALINA | B27: 1 | C27: 5 | D27: 26-01-26 | E27: 3256 | G27: 1
A28: MALINA | B28: 1 | C28: 5 | D28: 26-01-26 | E28: 3231 | G28: 43
A29: MALINA | B29: 1 | C29: 5 | D29: 26-01-26 | E29: 3350 | G29: 15
D34: A-6 | K34: Cajas import | L34: Total | M34: Observaciones
D35: Fecha | E35: Código | F35: Referencia | G35: Cajas | H35: Sueltos | I35: Cajas 0x0 | J35: Sueltos | L35: Unidades
A36: MALINA | B36: 1 | C36: 6 | D36: 26-01-26 | E36: 01?? | G36: 280
E37: 3100 | G37: 3x4 | H37: 4
D39: B2 | K39: Cajas import | L39: Total | M39: Observaciones
D40: Fecha | E40: Código | F40: Referencia | G40: Cajas | H40: Sueltos Unidades | I40: Cajas 0x0 | J40: Sueltos cajas | L40: Unidades
A41: MALINA | B41: 1 | C41: 14 | D41: 23-01-26 | E41: 3210 | G41: 10 | H41: 3
A42: MALINA | B42: 1 | C42: 14 | D42: 23-01-26 | E42: 3230 | G42: 66+24
A43: MALINA | B43: 1 | C43: 14 | D43: 23-01-26 | E43: 3224 | G43: 11 | H43: 4
A44: MALINA | B44: 1 | C44: 14 | D44: 26-01-26 | G44: 1 | H44: 4
D47: B3 | K47: Cajas import | L47: Total | M47: Observaciones
D48: Fecha | E48: Código | F48: Referencia | G48: Cajas | H48: Sueltos Unidades | I48: Cajas 0x0 | J48: Sueltos cajas | L48: Unidades
A49: MALINA | B49: 1 | C49: 15 | D49: 23-01-26 | E49: 0102 | G49: 426
A50: MALINA | B50: 1 | C50: 15 | D50: 23-01-26 | G50: 7 | H50: 8
A51: MALINA | B51: 1 | C51: 15 | D51: 23-01-26 | E51: 4102
A52: MALINA | B52: 1 | C52: 15 | D52: 23-01-26 | E52: 4142 | G52: 19
A53: MALINA | B53: 1 | C53: 15 | D53: 23-01-26 | E53: 4105
A54: MALINA | B54: 1 | C54: 15 | D54: 23-01-26 | E54: 4144
A55: MALINA | B55: 1 | C55: 15 | D55: 23-01-26 | E55: 90106 | G55: 17
A56: MALINA | B56: 1 | C56: 15 | D56: 23-01-26 | E56: 4115
A57: MALINA | B57: 1 | C57: 15 | D57: 23-01-26 | E57: 4154 | G57: 29+14
A58: MALINA | B58: 1 | C58: 15 | D58: 23-01-26 | E58: 4112
A59: MALINA | B59: 1 | C59: 15 | D59: 23-01-26 | E59: 4151
A60: MALINA | B60: 1 | C60: 15 | D60: 23-01-26 | E60: 90101 | G60: 1
A61: MALINA | B61: 1 | C61: 15 | D61: 23-01-26 | E61: 4101
A62: MALINA | B62: 1 | C62: 15 | D62: 23-01-26 | E62: 4141
A63: MALINA | B63: 1 | C63: 15 | D63: 23-01-26 | E63: 90108 | G63: 9
A64: MALINA | B64: 1 | C64: 15 | D64: 23-01-26 | E64: 4100
A65: MALINA | B65: 1 | C65: 15 | D65: 23-01-26 | E65: 4140
A66: MALINA | B66: 1 | C66: 15 | D66: 23-01-26 | E66: 90108 | G66: 26 | H66: 1
A67: MALINA | B67: 1 | C67: 15 | D67: 23-01-26 | E67: 4104
A68: MALINA | B68: 1 | C68: 15 | D68: 23-01-26 | E68: 4143
A69: MALINA | B69: 1 | C69: 15 | D69: 23-01-26 | E69: 90107 | G69: 45
A70: MALINA | B70: 1 | C70: 15 | D70: 23-01-26 | E70: 1920 | G70: 29
A71: MALINA | B71: 1 | C71: 15 | D71: 23-01-26 | E71: 19201
A72: MALINA | B72: 1 | C72: 15 | D72: 26-01-26 | E72: 4117
A73: MALINA | B73: 1 | C73: 15 | D73: 26-01-26 | E73: 4155 | G73: 18
A74: MALINA | B74: 1 | C74: 15 | D74: 26-01-26 | E74: 4106
A75: MALINA | B75: 1 | C75: 15 | D75: 26-01-26 | E75: 4145 | G75: 25
A76: MALINA | B76: 1 | C76: 15 | D76: 26-01-26 | E76: 4111
A77: MALINA | B77: 1 | C77: 15 | D77: 26-01-26 | E77: 4150
A78: MALINA | B78: 1 | C78: 15 | D78: 26-01-26 | E78: 90100 | G78: 12 | H78: 4
A79: MALINA | B79: 1 | C79: 15 | D79: 26-01-26 | E79: 4118
A80: MALINA | B80: 1 | C80: 15 | D80: 26-01-26 | E80: 4156 | G80: 25
D84: B1 | K84: Cajas import | L84: Total | M84: Observaciones
D85: Fecha | E85: Código | F85: Referencia | G85: Cajas | H85: Sueltos Unidades | I85: Cajas 0x0 | J85: Sueltos cajas | L85: Unidades
A86: MALINA | B86: 1 | C86: 13 | D86: 26-01-26 | E86: 3229 | G86: 20
A87: MALINA | B87: 1 | C87: 13 | D87: 26-01-26 | E87: 3210 | G87: 6
A88: MALINA | B88: 1 | C88: 13 | D88: 26-01-26 | E88: 3223 | G88: 8
A89: MALINA | B89: 1 | C89: 13 | D89: 26-01-26 | E89: 3253 | G89: 11
D92: B-6 | K92: Cajas import | L92: Total | M92: Observaciones
D93: Fecha | E93: Código | F93: Referencia | G93: Cajas | H93: Sueltos | I93: Cajas 0x0 | J93: Sueltos | L93: Unidades
A94: MALINA | B94: 1 | C94: 18 | D94: 23-01-26 | E94: 4107 | G94: 144
A95: MALINA | B95: 1 | C95: 18 | D95: 23-01-26 | E95: 4146
A96: MALINA | B96: 1 | C96: 18 | D96: 23-01-26 | E96: 4247 | G96: 6 | H96: 3
A97: MALINA | B97: 1 | C97: 18 | D97: 23-01-26 | E97: 4285 | G97: 6
A98: MALINA | B98: 1 | C98: 18 | D98: 23-01-26 | E98: 1497 | G98: 6 | H98: 1
A99: MALINA | B99: 1 | C99: 18 | D99: 23-01-26 | E99: 4224
A100: MALINA | B100: 1 | C100: 18 | D100: 23-01-26 | E100: 4280 | G100: 2
A101: MALINA | B101: 1 | C101: 18 | D101: 23-01-26 | E101: 4225 | H101: 2
A102: MALINA | B102: 1 | C102: 18 | D102: 23-01-26 | E102: 4231 | G102: 2 | H102: 7
A103: MALINA | B103: 1 | C103: 18 | D103: 23-01-26 | E103: 4218 | G103: 2
A104: MALINA | B104: 1 | C104: 18 | D104: 23-01-26 | E104: 4260 | H104: 3
A105: MALINA | B105: 1 | C105: 18 | D105: 23-01-26 | E105: 4240 | G105: 2 | H105: 13
A106: MALINA | B106: 1 | C106: 18 | D106: 23-01-26 | E106: 4230 | G106: 2
A107: MALINA | B107: 1 | C107: 18 | D107: 23-01-26 | E107: 4241 | G107: 2 | H107: 8
A108: MALINA | B108: 1 | C108: 18 | D108: 23-01-26 | E108: 4284 | G108: 7
A109: MALINA | B109: 1 | C109: 18 | D109: 23-01-26 | E109: 4234 | G109: 2 | H109: 4
A110: MALINA | B110: 1 | C110: 18 | D110: 23-01-26 | E110: 4258 | G110: 1 | H110: 3
A111: MALINA | B111: 1 | C111: 18 | D111: 23-01-26 | E111: 1502 | G111: 2 | H111: 3
A112: MALINA | B112: 1 | C112: 18 | D112: 23-01-26 | E112: 4274
A113: MALINA | B113: 1 | C113: 18 | D113: 23-01-26 | E113: 4105 | G113: 5
A114: MALINA | B114: 1 | C114: 18 | D114: 23-01-26 | E114: 4144
A115: MALINA | B115: 1 | C115: 18 | D115: 23-01-26 | E115: 90106
A116: MALINA | B116: 1 | C116: 18 | D116: 23-01-26 | G116: 136
A117: MALINA | B117: 1 | C117: 18 | D117: 23-01-26 | G117: 21
A118: MALINA | B118: 1 | C118: 18
A119: MALINA | B119: 1 | C119: 18 | D119: 23-01-26 | E119: 4110
A120: MALINA | B120: 1 | C120: 18 | D120: 23-01-26 | E120: 4149
...

Sheet D2 (M) Fixed
D1: Deposito Nro 2
D2: B-1 | K2: Cajas import | L2: Total | M2: Observaciones
D3: Fecha | E3: Código | F3: Referencia | G3: Cajas | H3: Sueltos | I3: Cajas 0x0 | J3: Sueltos | L3: Unidades
A4: MALINA | B4: 2 | C4: 13 | D4: 27-01-26 | E4: 1769 | G4: 28
A5: MALINA | B5: 2 | C5: 13 | D5: 27-01-26 | E5: 1742 | G5: 1x9
A6: MALINA | B6: 2 | C6: 13 | D6: 27-01-26 | E6: 1715 | G6: 4
A7: MALINA | B7: 2 | C7: 13 | D7: 27-01-26 | E7: 1713 | G7: 10
A8: MALINA | B8: 2 | C8: 13 | D8: 27-01-26 | E8: 1712 | G8: 10 | H8: 10
A9: MALINA | B9: 2 | C9: 13 | D9: 27-01-26 | E9: 1711
A10: MALINA | B10: 2 | C10: 13 | D10: 27-01-26 | E10: 1737 | G10: 2
A11: MALINA | B11: 2 | C11: 13 | D11: 27-01-26 | E11: 1709 | G11: 1 | H11: 5
A12: MALINA | B12: 2 | C12: 13 | D12: 27-01-26 | E12: 8031 | G12: 19
A13: MALINA | B13: 2 | C13: 13 | D13: 27-01-26 | E13: 1711 | G13: 22
A14: MALINA | B14: 2 | C14: 13 | D14: 27-01-26 | E14: 1710 | G14: 44 | H14: 6
A15: MALINA | B15: 2 | C15: 13
A16: MALINA | B16: 2 | C16: 13 | D16: 28-01-26 | E16: 1972 | G16: 1
A17: MALINA | B17: 2 | C17: 13 | D17: 28-01-27 | E17: 1995 | G17: 5
A18: MALINA | B18: 2 | C18: 13 | D18: 28-01-28 | E18: 1954 | G18: 13
A19: MALINA | B19: 2 | C19: 13 | D19: 28-01-29 | E19: 1958 | G19: 7
A20: MALINA | B20: 2 | C20: 13 | D20: 28-01-30 | E20: 1937 | G20: 7
A21: MALINA | B21: 2
A22: MALINA | B22: 2
A23: MALINA | B23: 2 | D23: B-2 | K23: Cajas import | L23: Total | M23: Observaciones
A24: MALINA | B24: 2 | D24: Fecha | E24: Código | F24: Referencia | G24: Cajas | H24: Sueltos | I24: Cajas 0x0 | J24: Sueltos | L24: Unidades
A25: MALINA | B25: 2 | C25: 14 | D25: 27-01-26 | E25: 7038 | G25: 15
A26: MALINA | B26: 2 | C26: 14 | D26: 27-01-26 | E26: 7037 | G26: 11
A27: MALINA | B27: 2 | C27: 14 | D27: 27-01-26 | E27: 1738 | G27: 1 | H27: 2
A28: MALINA | B28: 2 | C28: 14 | D28: 27-01-26 | E28: 1728 | G28: 29 | H28: 2
A29: MALINA | B29: 2 | C29: 14 | D29: 27-01-26 | E29: 1740 | G29: 6 | H29: 5
A30: MALINA | B30: 2 | C30: 14 | D30: 27-01-26 | E30: 1739 | G30: 7 | H30: 1
A31: MALINA | B31: 2 | C31: 14 | D31: 27-01-26 | E31: 1719 | G31: 10
A32: MALINA | B32: 2 | C32: 14 | D32: 27-01-26 | E32: 1718 | G32: 3 | H32: 5
A33: MALINA | B33: 2 | C33: 14
A34: MALINA | B34: 2 | C34: 14 | D34: 27-01-26 | E34: 1727 | G34: 2
A35: MALINA | B35: 2 | C35: 14 | D35: 27-01-26 | E35: 1717 | G35: 20
A36: MALINA | B36: 2 | C36: 14 | D36: 27-01-26 | E36: 1788 | G36: 2
A37: MALINA | B37: 2 | C37: 14
A38: MALINA | B38: 2 | C38: 14 | D38: 28-01-26 | E38: 15? | H38: 1
A39: MALINA | B39: 2 | C39: 14 | D39: 28-01-26 | E39: 1574 | G39: 4x2
A40: MALINA | B40: 2 | C40: 14 | D40: 28-01-26 | E40: 1571 | G40: 10x3
A41: MALINA | B41: 2 | C41: 14 | D41: 28-01-26 | E41: 1570 | G41: 13x3 | H41: 2
A42: MALINA | B42: 2 | C42: 14 | D42: 28-01-26 | E42: 1569 | G42: 2x3 | H42: 2
A43: MALINA | B43: 2 | C43: 14 | D43: 28-01-26 | E43: 1577 | G43: 5x3
A44: MALINA | B44: 2 | C44: 14 | D44: 28-01-26 | E44: 1523 | G44: 13x6 | H44: 3
A45: MALINA | B45: 2 | C45: 14 | D45: 28-01-26 | E45: 1576 | G45: 2x3 | H45: 1
A46: MALINA | B46: 2 | C46: 14 | D46: 28-01-26 | E46: 1567 | G46: 5x4
A47: MALINA | B47: 2 | C47: 14 | D47: 28-01-26 | E47: 1566 | G47: 12x4 | H47: 3
A48: MALINA | B48: 2 | C48: 14 | D48: 28-01-26 | E48: 1565 | G48: 1x4
A49: MALINA | B49: 2 | C49: 14 | D49: 28-01-26 | E49: 1564 | G49: 7x4 | H49: 1
A50: MALINA | B50: 2 | C50: 14 | D50: 28-01-26 | E50: 1522 | G50: 6
A51: MALINA | B51: 2
A52: MALINA | B52: 2
A53: MALINA | B53: 2 | D53: B-3 | K53: Cajas import | L53: Total | M53: Observaciones
A54: MALINA | B54: 2 | D54: Fecha | E54: Código | F54: Referencia | G54: Cajas | H54: Sueltos | I54: Cajas 0x0 | J54: Sueltos | L54: Unidades
A55: MALINA | B55: 2 | C55: 15 | D55: 27-01-26 | E55: 1714 | G55: 8
A56: MALINA | B56: 2 | C56: 15 | D56: 27-01-26 | E56: 1726 | G56: 8 | H56: 1
A57: MALINA | B57: 2 | C57: 15 | D57: 27-01-26 | E57: 1725 | G57: 6 | H57: 1
A58: MALINA | B58: 2 | C58: 15 | D58: 27-01-26 | E58: 1724 | G58: 4 | H58: 3
A59: MALINA | B59: 2 | C59: 15 | D59: 27-01-26 | E59: 1723 | G59: 6
A60: MALINA | B60: 2 | C60: 15 | D60: 27-01-26 | E60: 1722 | G60: 3 | H60: 2
A61: MALINA | B61: 2 | C61: 15 | D61: 27-01-26 | E61: 1721 | G61: 6 | H61: 3
A62: MALINA | B62: 2 | C62: 15 | D62: 27-01-26 | E62: 1720 | G62: 9 | H62: 3
A63: MALINA | B63: 2 | C63: 15 | D63: 27-01-26 | E63: 1733 | G63: 17 | H63: 1
A64: MALINA | B64: 2 | C64: 15 | D64: 27-01-26 | E64: 1732 | G64: 9
A65: MALINA | B65: 2 | C65: 15 | D65: 27-01-26 | E65: 1731 | G65: 6 | H65: 1
A66: MALINA | B66: 2 | C66: 15 | D66: 27-01-26 | E66: 1730 | G66: 2
A67: MALINA | B67: 2 | C67: 15 | D67: 27-01-26 | E67: 1659 | H67: 1
A68: MALINA | B68: 2 | C68: 15 | D68: 27-01-26 | E68: 1931 | G68: 2
A69: MALINA | B69: 2 | C69: 15 | D69: 27-01-26 | E69: 1699 | G69: 300+72
A70: MALINA | B70: 2 | C70: 15 | D70: 27-01-26 | E70: 2006 | G70: 100
A71: MALINA | B71: 2 | C71: 15
A72: MALINA | B72: 2 | C72: 15 | D72: 28-01-26 | E72: 1562 | G72: 12x4
A73: MALINA | B73: 2 | C73: 15 | D73: 28-01-26 | E73: 1521 | G73: 7x6
A74: MALINA | B74: 2 | C74: 15 | D74: 28-01-26 | E74: 1561 | G74: 5
A75: MALINA | B75: 2 | C75: 15 | D75: 28-01-26 | E75: 1520 | G75: 6
A76: MALINA | B76: 2 | C76: 15
A77: MALINA | B77: 2 | C77: 15 | D77: 28-01-26 | E77: 1974 | H77: 3
A78: MALINA | B78: 2 | C78: 15 | D78: 28-01-26 | E78: 1942 | H78: 22
A79: MALINA | B79: 2 | C79: 15 | D79: 28-01-26 | E79: 1941 | H79: 12
A80: MALINA | B80: 2 | C80: 15 | D80: 28-01-26 | E80: 1962 | H80: 10
A81: MALINA | B81: 2 | C81: 15 | D81: 28-01-26 | E81: 1966 | H81: 4
A82: MALINA | B82: 2 | C82: 15 | D82: 28-01-26 | E82: 1943 | H82: 1
A83: MALINA | B83: 2 | C83: 15 | D83: 28-01-26 | E83: 1965 | H83: 3
A84: MALINA | B84: 2 | C84: 15 | D84: 28-01-26 | E84: 1951 | H84: 8
A85: MALINA | B85: 2 | C85: 15 | D85: 28-01-26 | E85: 1944 | H85: 8
A86: MALINA | B86: 2 | C86: 15 | D86: 28-01-26 | E86: 1946 | H86: 15
A87: MALINA | B87: 2 | C87: 15 | D87: 28-01-26 | E87: 1961 | H87: 34
A88: MALINA | B88: 2 | C88: 15 | D88: 28-01-26 | E88: 1973 | H88: 26
A89: MALINA | B89: 2 | C89: 15 | D89: 28-01-26 | H89: 19
A90: MALINA | B90: 2 | C90: 15 | D90: 28-01-26 | E90: 1950 | H90: 9
A91: MALINA | B91: 2 | C91: 15
A92: MALINA | B92: 2 | C92: 15 | D92: 28-01-26 | E92: 1964 | H92: 9+1
A93: MALINA | B93: 2 | C93: 15 | D93: 28-01-26 | E93: 1943 | H93: 12
A94: MALINA | B94: 2
A95: MALINA | B95: 2
A96: MALINA | B96: 2
A97: MALINA | B97: 2 | D97: C-3 | K97: Cajas import | L97: Total | M97: Observaciones
A98: MALINA | B98: 2 | D98: Fecha | E98: Código | F98: Referencia | G98: Cajas | H98: Sueltos | I98: Cajas 0x0 | J98: Sueltos | L98: Unidades
A99: MALINA | B99: 2 | C99: 27 | D99: 28-01-26 | E99: 1202 | H99: 8
A100: MALINA | B100: 2 | C100: 27 | D100: 28-01-26 | E100: 1428 | G100: 4
...

Sheet D3 (M) Fixed
D1: Deposito Nro 3
D2: A1 | K2: Cajas import | L2: Total | M2: Observaciones
D3: Fecha | E3: Código | F3: Referencia | G3: Cajas | H3: Sueltos | I3: Cajas 0x0 | J3: Sueltos | L3: Unidades
A4: MALINA | B4: 3 | C4: 1 | D4: 29-01-2026 | E4: 1236 | G4: 6
A5: MALINA | B5: 3 | C5: 1 | D5: 29-01-2026 | E5: 1196 | G5: 11
A6: MALINA | B6: 3 | C6: 1 | D6: 29-01-2026 | E6: 7158 | G6: 17 | L6: 24
A7: MALINA | B7: 3 | C7: 1 | D7: 29-01-2026 | E7: 3252 | G7: 1X20 | H7: 4
A8: MALINA | B8: 3 | C8: 1 | D8: 29-01-2026 | E8: 493 | G8: 184
A9: MALINA | B9: 3 | C9: 1 | D9: 29-01-2026 | E9: 15141 | G9: 4
A10: MALINA | B10: 3 | C10: 1 | D10: 29-01-2026 | E10: 7163 | G10: 405
A11: MALINA | B11: 3 | C11: 1 | D11: 29-01-2026 | E11: 7164 | G11: 31
A12: MALINA | B12: 3 | C12: 1 | D12: 29-01-2026 | E12: 7165 | G12: 31
A13: MALINA | B13: 3 | C13: 1 | D13: 29-01-2026 | E13: 7160 | G13: 17
A14: MALINA | B14: 3 | C14: 1 | D14: 29-01-2026 | E14: 7166 | G14: 9
A15: MALINA | B15: 3 | C15: 1 | D15: 29-01-2026 | E15: 7173 | G15: 15
A16: MALINA | B16: 3 | C16: 1 | D16: 29-01-2026 | E16: 0494 | G16: 2X85 | H16: 44
D19: A2 | K19: Cajas import | L19: Total | M19: Observaciones
D20: Fecha | E20: Código | F20: Referencia | G20: Cajas | H20: Sueltos | I20: Cajas 0x0 | J20: Sueltos | L20: Unidades
A21: MALINA | B21: 3 | C21: 2 | D21: 29-01-2026 | E21: 1223 | G21: 8+4
A22: MALINA | B22: 3 | C22: 2 | D22: 29-01-2026 | E22: 7071 | G22: 5
A23: MALINA | B23: 3 | C23: 2 | D23: 29-01-2026 | E23: 7080 | G23: 22
A24: MALINA | B24: 3 | C24: 2 | D24: 29-01-2026 | E24: 7072 | G24: 14
A25: MALINA | B25: 3 | C25: 2 | D25: 30-01-2026 | E25: 7081 | G25: 6
A26: MALINA | B26: 3 | C26: 2 | D26: 30-01-2026 | E26: 7070 | H26: 29
A27: MALINA | B27: 3 | C27: 2 | D27: 30-01-2026 | E27: 7079 | G27: 3X3000
A28: MALINA | B28: 3 | C28: 2 | D28: 30-01-2026 | E28: 7073 | G28: 1X1000
A29: MALINA | B29: 3 | C29: 2 | D29: 30-01-2026 | E29: 1161 | G29: 42
A30: MALINA | B30: 3 | C30: 2 | D30: 30-01-2026 | E30: 7083 | G30: 22
A31: MALINA | B31: 3 | C31: 2 | D31: 30-01-2026 | E31: 1216 | G31: 93
A32: MALINA | B32: 3 | C32: 2 | D32: 30-01-2026 | E32: 7177 | G32: 7
A33: MALINA | B33: 3 | C33: 2 | D33: 30-01-2026 | E33: 1218 | G33: 7
A34: MALINA | B34: 3 | C34: 2 | D34: 30-01-2026 | E34: 3119 | G34: 21
A35: MALINA | B35: 3 | C35: 2 | D35: 30-01-2026 | E35: 1237 | G35: 1X100
A36: MALINA | B36: 3 | C36: 2 | D36: 30-01-2026 | E36: 1242 | G36: 4
A37: MALINA | B37: 3 | C37: 2 | D37: 30-01-2026 | E37: 1593 | M37: Bolsa con tornillos
A38: MALINA | B38: 3 | C38: 2 | D38: 30-01-2026 | E38: 7084 | G38: 100
A39: MALINA | B39: 3 | C39: 2 | D39: 30-01-2026 | E39: 7076 | G39: 33
A40: MALINA | B40: 3 | C40: 2 | D40: 30-01-2026 | E40: 7077 | G40: 44x200
A41: MALINA | B41: 3 | C41: 2 | D41: 30-01-2026 | E41: 7078 | G41: 41x100
A42: MALINA | B42: 3 | C42: 2 | D42: 30-01-2026 | E42: 1223 | G42: 7
A43: MALINA | B43: 3 | C43: 2 | D43: 30-01-2026 | E43: 0408 | G43: 12
A44: MALINA | B44: 3 | C44: 2 | D44: 30-01-2026 | E44: 7079 | G44: 2
A45: MALINA | B45: 3 | C45: 2 | D45: 30-01-2026 | E45: 0391 | G45: 12x10
A46: MALINA | B46: 3 | C46: 2 | D46: 30-01-2026 | E46: 0390 | G46: 13x10
A47: MALINA | B47: 3 | C47: 2 | D47: 30-01-2026 | E47: 7082 | G47: 19x500
A48: MALINA | B48: 3 | C48: 2 | D48: 30-01-2026 | E48: 3292 | M48: mirar despues
A49: MALINA | B49: 3 | C49: 2 | D49: 30-01-2026 | E49: 3293 | G49: 1x100
A50: MALINA | B50: 3 | C50: 2 | D50: 30-01-2026 | E50: 1157 | H50: 8
A51: MALINA | B51: 3 | C51: 2 | D51: 30-01-2026 | E51: 1158 | G51: 3x10 | H51: 1
A52: MALINA | B52: 3 | C52: 2 | D52: 30-01-2026 | E52: 1159 | G52: 4x10 | H52: 2
A53: MALINA | B53: 3 | C53: 2 | D53: 30-01-2026 | E53: 33210 | G53: 3x3
A54: MALINA | B54: 3 | C54: 2 | D54: 30-01-2026 | E54: 1651 | G54: 8
A55: MALINA | B55: 3 | C55: 2 | D55: 30-01-2026 | E55: 16510 | G55: 9
D57: D1 | K57: Cajas import | L57: Total | M57: Observaciones
D58: Fecha | E58: Código | F58: Referencia | G58: Cajas | H58: Sueltos | I58: Cajas 0x0 | J58: Sueltos | L58: Unidades
A59: MALINA | B59: 3 | C59: 37 | D59: 46055 | E59: 0489 | G59: 2x45 | H59: 35
A60: MALINA | B60: 3 | C60: 37 | D60: 46055 | E60: 0492 | G60: 1x14 | H60: 12+2
A61: MALINA | B61: 3 | C61: 37 | D61: 46055 | E61: 0487 | G61: 2x51 | H61: 39
D63: D2 | K63: Cajas import | L63: Total | M63: Observaciones
D64: Fecha | E64: Código | F64: Referencia | G64: Cajas | H64: Sueltos | I64: Cajas 0x0 | J64: Sueltos | L64: Unidades
A65: MALINA | B65: 3 | C65: 38 | D65: 46055 | E65: 0311 | G65: 6x800
A66: MALINA | B66: 3 | C66: 38 | D66: 46055 | E66: 7181 | G66: 1x14 | H66: 3
A67: MALINA | B67: 3 | C67: 38 | D67: 46055 | E67: 7180 | H67: 11
A68: MALINA | B68: 3 | C68: 38 | D68: 46055 | E68: 7179 | H68: 13
A69: MALINA | B69: 3 | C69: 38 | D69: 46055 | E69: 3291 | G69: 60x25 | H69: 17x25 | M69: 3 cajas de 20 entonces 60?
A70: MALINA | B70: 3 | C70: 38 | D70: 46055 | E70: 3290 | G70: 40x25 | H70: 16x25 | M70: 2 cajas de 20 entonces 40?
A71: MALINA | B71: 3 | C71: 38 | D71: 46055 | E71: 3202 | G71: 4x50 2x25
A72: MALINA | B72: 3 | C72: 38 | D72: 46055 | E72: 7135 | G72: 3x50 | H72: 86
A73: MALINA | B73: 3 | C73: 38 | D73: 46055 | E73: 7134 | G73: 6x50 | H73: 22
A74: MALINA | B74: 3 | C74: 38 | D74: 46055 | E74: 7133 | G74: 4x100 | H74: 95
A75: MALINA | B75: 3 | C75: 38 | D75: 46055 | E75: 7139 | G75: 1x12 | H75: 1
A76: MALINA | B76: 3 | C76: 38 | D76: 46055 | E76: 3206 | H76: 134
A77: MALINA | B77: 3 | C77: 38 | D77: 46055 | E77: 7100 | G77: 3x50
A78: MALINA | B78: 3 | C78: 38 | D78: 46055 | E78: 3249 | G78: 1x10
D80: D3 | K80: Cajas import | L80: Total | M80: Observaciones
D81: Fecha | E81: Código | F81: Referencia | G81: Cajas | H81: Sueltos | I81: Cajas 0x0 | J81: Sueltos | L81: Unidades
A82: MALINA | B82: 3 | C82: 39 | D82: 30-01-2026 | E82: 3270 | H82: 5
A83: MALINA | B83: 3 | C83: 39 | D83: 30-01-2026 | E83: 3104 | G83: 12x4
A84: MALINA | B84: 3 | C84: 39 | D84: 30-01-2026 | E84: 15095 | G84: 2
A85: MALINA | B85: 3 | C85: 39 | D85: 30-01-2026 | E85: 3104 | G85: 60x4 | H85: 17x4
A86: MALINA | B86: 3 | C86: 39 | D86: 30-01-2026 | E86: 3263 | G86: 4x100
A87: MALINA | B87: 3 | C87: 39 | D87: 30-01-2026 | E87: 3194 | G87: 51x2
A88: MALINA | B88: 3 | C88: 39 | D88: 30-01-2026 | E88: 3249 | H88: 4
A89: MALINA | B89: 3 | C89: 39 | D89: 30-01-2026 | E89: 3199 | H89: 10x2
A90: MALINA | B90: 3 | C90: 39 | D90: 30-01-2026 | E90: 3195 | H90: 1x2
A91: MALINA | B91: 3 | C91: 39 | D91: 30-01-2026 | E91: 7112 | H91: 43
A92: MALINA | B92: 3 | C92: 39 | D92: 30-01-2026 | E92: 7102 | H92: 43
A93: MALINA | B93: 3 | C93: 39 | D93: 30-01-2026 | E93: 3261 | H93: 14
A94: MALINA | B94: 3 | C94: 39 | D94: 30-01-2026 | E94: 3245 | G94: 1x50
A95: MALINA | B95: 3 | C95: 39 | D95: 30-01-2026 | E95: 3244 | G95: 3x10
A96: MALINA | B96: 3 | C96: 39 | D96: 30-01-2026 | E96: 3243 | G96: 3x10
A97: MALINA | B97: 3 | C97: 39 | D97: 30-01-2026 | E97: 3242 | G97: 4x10
A98: MALINA | B98: 3 | C98: 39 | D98: 30-01-2026 | E98: 3196 | G98: 36x2 | L98: =36*2 -> 72
A99: MALINA | B99: 3 | C99: 39 | D99: 30-01-2026 | E99: 3200 | G99: 6x10
A100: MALINA | B100: 3 | C100: 39 | D100: 30-01-2026 | E100: 3010 | H100: 13
A101: MALINA | B101: 3 | C101: 39 | D101: 30-01-2026 | E101: 3013 | H101: 3
D104: D4 | K104: Cajas import | L104: Total | M104: Observaciones
D105: Fecha | E105: Código | F105: Referencia | G105: Cajas | H105: Sueltos | I105: Cajas 0x0 | J105: Sueltos | L105: Unidades
A106: MALINA | B106: 3 | C106: 40 | D106: 30-01-2026 | E106: 1333 | H106: 60x25
A107: MALINA | B107: 3 | C107: 40 | D107: 30-01-2026 | E107: 1362 | H107: 9x25
...

Sheet D4 (M) Fixed
D1: Deposito Nro 4
D2: ? | K2: Cajas import | L2: Total | M2: Observaciones | O2: IFERROR(XLOOKUP(TEXT(C4,"0000"),TEXT(Catalog!A:A,"0000"),Catalog!B:B),"")
D3: Fecha | E3: Código | F3: Referencia | G3: Cajas | H3: Sueltos | I3: Cajas 0x0 | J3: Sueltos | L3: Unidades | O3: XLOOKUP(TRIM(CLEAN(TEXT(C4,"@"))),TRIM(CLEAN(Catalog!A:A)),Catalog!B:B)
A4: MALINA | B4: 4 | D4: 46083 | E4: 3322 | H4: 36
D5: 46083 | E5: 1652 | H5: 6
D6: 46083 | E6: 7187
D7: 46083 | E7: 1654 | G7: 7X1
F8: )
D9: A1 | K9: Cajas import | L9: Total | M9: Observaciones
D10: Fecha | E10: Código | F10: Referencia | G10: Cajas | H10: Sueltos | I10: Cajas 0x0 | J10: Sueltos | L10: Unidades
A11: MALINA | B11: 4 | C11: 1 | D11: 46083 | E11: 0560 | H11: 94X50
A12: MALINA | B12: 4 | C12: 1 | D12: 46083 | E12: 0550 | H12: 31X50
D14: A2 | K14: Cajas import | L14: Total | M14: Observaciones
D15: Fecha | E15: Código | F15: Referencia | G15: Cajas | H15: Sueltos | I15: Cajas 0x0 | J15: Sueltos | L15: Unidades
A16: MALINA | B16: 4 | C16: 2 | D16: 46083 | E16: 12431 | G16: 1x12 | H16: 5
A17: MALINA | B17: 4 | C17: 2 | D17: 46083 | E17: 1249 | G17: 5x6 | H17: 3
A18: MALINA | B18: 4 | C18: 2 | D18: 46083 | E18: 1246 | G18: 5x8
A19: MALINA | B19: 4 | C19: 2 | D19: 46083 | E19: 12521 | G19: 2x5 | H19: 2
A20: MALINA | B20: 4 | C20: 2 | D20: 46083 | E20: 12441 | G20: 1x10 | H20: 8
A21: MALINA | B21: 4 | C21: 2 | D21: 46083 | E21: 12451 | G21: 3x10 | H21: 1
A22: MALINA | B22: 4 | C22: 2 | D22: 46083 | E22: 1247 | G22: 1x8 | H22: 4
A23: MALINA | B23: 4 | C23: 2 | D23: 46083 | E23: 1248 | G23: 3x10
A24: MALINA | B24: 4 | C24: 2 | D24: 46083 | E24: 12501 | G24: 5x6 | H24: 2
D26: A3 | K26: Cajas import | L26: Total | M26: Observaciones
D27: Fecha | E27: Código | F27: Referencia | G27: Cajas | H27: Sueltos | I27: Cajas 0x0 | J27: Sueltos | L27: Unidades
A28: MALINA | B28: 4 | C28: 3 | D28: 46083 | E28: 12541 | G28: 1x10 | H28: 6
A29: MALINA | B29: 4 | C29: 3 | D29: 46083 | E29: 12601 | G29: 3x6 | H29: 5
A30: MALINA | B30: 4 | C30: 3 | D30: 46083 | E30: 12551 | G30: 2x10
A31: MALINA | B31: 4 | C31: 3 | D31: 46083 | E31: 12603 | H31: 2
A32: MALINA | B32: 4 | C32: 3 | D32: 46083 | E32: 12602 | G32: 1x5 | H32: 3
A33: MALINA | B33: 4 | C33: 3 | D33: 46083 | E33: 12561 | G33: 1x10 | H33: 7
D35: A4 | K35: Cajas import | L35: Total | M35: Observaciones
D36: Fecha | E36: Código | F36: Referencia | G36: Cajas | H36: Sueltos | I36: Cajas 0x0 | J36: Sueltos | L36: Unidades
A37: MALINA | B37: 4 | C37: 4 | D37: 46083 | E37: 12533 | G37: 11x2 | H37: 1
A38: MALINA | B38: 4 | C38: 4 | D38: 46083 | E38: 1277 | G38: 9x2 | H38: 1
D40: A5 | K40: Cajas import | L40: Total | M40: Observaciones
D41: Fecha | E41: Código | F41: Referencia | G41: Cajas | H41: Sueltos | I41: Cajas 0x0 | J41: Sueltos | L41: Unidades
A42: MALINA | B42: 4 | C42: 5 | D42: 46083 | E42: 0554 | G42: 21x10
A43: MALINA | B43: 4 | C43: 5 | D43: 46083 | E43: 0565 | G43: 42x5 y 9x10 | M43: Complemento y tuerca
A44: MALINA | B44: 4 | C44: 5 | D44: 46083 | E44: 0547 | G44: 13x50
A45: MALINA | B45: 4 | C45: 5 | D45: 46083 | E45: 0548 | G45: 22x50
A46: MALINA | B46: 4 | C46: 5 | D46: 46114 | E46: 0549 | G46: 42x20
D48: A6 | K48: Cajas import | L48: Total | M48: Observaciones
D49: Fecha | E49: Código | F49: Referencia | G49: Cajas | H49: Sueltos | I49: Cajas 0x0 | J49: Sueltos | L49: Unidades
A50: MALINA | B50: 4 | C50: 6 | D50: 46114 | E50: 1262 | G50: 1x10 | H50: 8
A51: MALINA | B51: 4 | C51: 6 | D51: 46114 | E51: 1274 | G51: 4x5
A52: MALINA | B52: 4 | C52: 6 | D52: 46114 | E52: 1264 | G52: 2x8
A53: MALINA | B53: 4 | C53: 6 | D53: 46114 | E53: 1271 | G53: 4x6
A54: MALINA | B54: 4 | C54: 6 | D54: 46114 | E54: 1261 | G54: 2x12 | H54: 6
A55: MALINA | B55: 4 | C55: 6 | D55: 46114 | E55: 12532 | G55: 2x5 | H55: 4
A56: MALINA | B56: 4 | C56: 6 | D56: 46114 | E56: 12531 | G56: 9x5
A57: MALINA | B57: 4 | C57: 6 | D57: 46114 | E57: 12511 | G57: 5x6 | H57: 4
D61: A7 | K61: Cajas import | L61: Total | M61: Observaciones
D62: Fecha | E62: Código | F62: Referencia | G62: Cajas | H62: Sueltos | I62: Cajas 0x0 | J62: Sueltos | L62: Unidades
A63: MALINA | B63: 4 | C63: 7 | D63: 46114 | E63: 12581 | G63: 4x6
A64: MALINA | B64: 4 | C64: 7 | D64: 46114 | E64: 12591 | G64: 4x6 | H64: 10
A65: MALINA | B65: 4 | C65: 7 | D65: 46114 | E65: 1284 | G65: 9x1
A66: MALINA | B66: 4 | C66: 7 | D66: 46114 | E66: 12605 | G66: 2x6 | H66: 5
A67: MALINA | B67: 4 | C67: 7 | D67: 46114 | E67: 1285 | G67: 21x1
D69: A8 | K69: Cajas import | L69: Total | M69: Observaciones
D70: Fecha | E70: Código | F70: Referencia | G70: Cajas | H70: Sueltos | I70: Cajas 0x0 | J70: Sueltos | L70: Unidades
A71: MALINA | B71: 4 | C71: 8 | D71: 46114 | E71: 1283 | G71: 15x1
A72: MALINA | B72: 4 | C72: 8 | D72: 46114 | E72: 1282 | G72: 12x1
A73: MALINA | B73: 4 | C73: 8 | D73: 46114 | E73: 1281 | G73: 22x1
A74: MALINA | B74: 4 | C74: 8 | D74: 46114 | E74: 1293 | G74: 4x1
A75: MALINA | B75: 4 | C75: 8 | D75: 46114 | E75: 12607 | G75: 6x2 y 6x1 | M75: 2 Cjas diferentes
D77: A9 | K77: Cajas import | L77: Total | M77: Observaciones
D78: Fecha | E78: Código | F78: Referencia | G78: Cajas | H78: Sueltos | I78: Cajas 0x0 | J78: Sueltos | L78: Unidades
A79: MALINA | B79: 4 | C79: 9 | D79: 46114 | E79: 0557 | G79: 63x10
A80: MALINA | B80: 4 | C80: 9 | D80: 46114 | E80: 0558 | G80: 12x5
A81: MALINA | B81: 4 | C81: 9 | D81: 46114 | E81: 0559 | G81: 24x5
A82: MALINA | B82: 4 | C82: 9 | D82: 46114 | E82: 0549 | G82: 2x800
D84: A10 | K84: Cajas import | L84: Total | M84: Observaciones
D85: Fecha | E85: Código | F85: Referencia | G85: Cajas | H85: Sueltos | I85: Cajas 0x0 | J85: Sueltos | L85: Unidades
A86: MALINA | B86: 4 | C86: 10 | D86: 46114 | E86: 1276 | G86: 3x5 | H86: 2
A87: MALINA | B87: 4 | C87: 10 | D87: 46114 | E87: 1275 | G87: 2x5 | H87: 4
A88: MALINA | B88: 4 | C88: 10 | D88: 46114 | E88: 1269 | G88: 3x8 | H88: 4
A89: MALINA | B89: 4 | C89: 10 | D89: 46114 | E89: 1270 | G89: 4x8 | H89: 2
A90: MALINA | B90: 4 | C90: 10 | D90: 46114 | E90: 1273 | G90: 1x6 | H90: 4
A91: MALINA | B91: 4 | C91: 10 | D91: 46114 | E91: 1263 | G91: 1x10 | H91: 2
A92: MALINA | B92: 4 | C92: 10 | D92: 46114 | E92: 1272 | G92: 2x6
D94: A11 | K94: Cajas import | L94: Total | M94: Observaciones
D95: Fecha | E95: Código | F95: Referencia | G95: Cajas | H95: Sueltos | I95: Cajas 0x0 | J95: Sueltos | L95: Unidades
A96: MALINA | B96: 4 | C96: 11 | D96: 46114 | E96: 1286 | G96: 17
A97: MALINA | B97: 4 | C97: 11 | D97: 46114 | E97: 1287 | G97: 21
A98: MALINA | B98: 4 | C98: 11 | D98: 46114 | E98: 1288 | G98: 21
A99: MALINA | B99: 4 | C99: 11 | D99: 46114 | E99: 1289 | G99: 21
A100: MALINA | B100: 4 | C100: 11 | D100: 46114 | E100: 1290 | G100: 12
A101: MALINA | B101: 4 | C101: 11 | D101: 46114 | E101: 1291 | G101: 17
A102: MALINA | B102: 4 | C102: 11 | D102: 46114 | E102: 1292 | G102: 7 | M102: 3836
D104: A12 | K104: Cajas import | L104: Total | M104: Observaciones
D105: Fecha | E105: Código | F105: Referencia | G105: Cajas | H105: Sueltos | I105: Cajas 0x0 | J105: Sueltos | L105: Unidades
A106: MALINA | B106: 4 | C106: 12 | D106: 46114 | E106: 1260 | G106: 9x5 | H106: 3
A107: MALINA | B107: 4 | C107: 12 | D107: 46114 | E107: 1253 | H107: 4
A108: MALINA | B108: 4 | C108: 12 | D108: 46114 | E108: 1245 | G108: 8x5 | H108: 5
A109: MALINA | B109: 4 | C109: 12 | D109: 46114 | E109: 1267 | G109: 5x5 | H109: 1
D111: C9 | K111: Cajas import | L111: Total | M111: Observaciones
D112: Fecha | E112: Código | F112: Referencia | G112: Cajas | H112: Sueltos | I112: Cajas 0x0 | J112: Sueltos | L112: Unidades
A113: MALINA | B113: 4 | C113: 33 | D113: 46114 | E113: 3328 | G113: 2X30
A114: MALINA | B114: 4 | C114: 33 | D114: 46114 | E114: 1808 | G114: 5X1
...

Sheet D1 (V) forloading
A1: counter_name | B1: deposit_id | C1: rack_id | D1: count_date | E1: codeitem | F1: Referencia | G1: boxqty | H1: boxunitqty | I1: boxunittotal | J1: magazijn | K1: winkel | L1: total | M1: remarks
A2: VICTORIA | B2: 1 | C2: 16 | D2: 26-01-2026 | E2: 4040 | G2: 2 | H2: 100 | I2: =G2*H2 -> 200 | J2: 1 | K2: 0 | L2: =I2+J2+K2 -> 201 | M2: VICTORIA D1
A3: VICTORIA | B3: 1 | C3: 16 | D3: 26-01-2026 | E3: 4042 | G3: 24 | H3: 10 | I3: =G3*H3 -> 240 | J3: 0 | K3: 0 | L3: =I3+J3+K3 -> 240 | M3: VICTORIA D1
A4: VICTORIA | B4: 1 | C4: 16 | D4: 26-01-2026 | E4: 4041 | G4: 31 | H4: 10 | I4: =G4*H4 -> 310 | J4: 0 | K4: 0 | L4: =I4+J4+K4 -> 310 | M4: VICTORIA D1
A5: VICTORIA | B5: 1 | C5: 16 | D5: 26-01-2026 | E5: 4043 | G5: 15 | H5: 10 | I5: =G5*H5 -> 150 | J5: 0 | K5: 0 | L5: =I5+J5+K5 -> 150 | M5: VICTORIA D1
A6: VICTORIA | B6: 1 | C6: 16 | D6: 26-01-2026 | E6: 4050 | G6: 3 | H6: 10 | I6: =G6*H6 -> 30 | J6: 0 | K6: 0 | L6: =I6+J6+K6 -> 30 | M6: VICTORIA D1
A7: VICTORIA | B7: 1 | C7: 16 | D7: 26-01-2026 | E7: 4046 | G7: 11 | H7: 10 | I7: =G7*H7 -> 110 | J7: 0 | K7: 0 | L7: =I7+J7+K7 -> 110 | M7: VICTORIA D1
A8: VICTORIA | B8: 1 | C8: 16 | D8: 26-01-2026 | E8: 4049 | G8: 7 | H8: 10 | I8: =G8*H8 -> 70 | J8: 0 | K8: 0 | L8: =I8+J8+K8 -> 70 | M8: VICTORIA D1
A9: VICTORIA | B9: 1 | C9: 16 | D9: 26-01-2026 | E9: 4047 | G9: 7 | H9: 10 | I9: =G9*H9 -> 70 | J9: 0 | K9: 0 | L9: =I9+J9+K9 -> 70 | M9: VICTORIA D1
A10: VICTORIA | B10: 1 | C10: 16 | D10: 26-01-2026 | E10: 4048 | G10: 9 | H10: 10 | I10: =G10*H10 -> 90 | J10: 0 | K10: 0 | L10: =I10+J10+K10 -> 90 | M10: VICTORIA D1
A11: VICTORIA | B11: 1 | C11: 16 | D11: 26-01-2026 | E11: 4024 | G11: 12 | H11: 20 | I11: =G11*H11 -> 240 | J11: 0 | K11: 0 | L11: =I11+J11+K11 -> 240 | M11: VICTORIA D1
A12: VICTORIA | B12: 1 | C12: 16 | D12: 26-01-2026 | E12: 4035 | G12: 4 | H12: 10 | I12: =G12*H12 -> 40 | J12: 0 | K12: 0 | L12: =I12+J12+K12 -> 40 | M12: VICTORIA D1
A13: VICTORIA | B13: 1 | C13: 27 | D13: 26-01-2026 | E13: 4106 | G13: 10 | H13: 20 | I13: =G13*H13 -> 200 | J13: 0 | K13: 0 | L13: =I13+J13+K13 -> 200 | M13: VICTORIA D1 ***
... A31: VICTORIA | B31: 1 | C31: 28 | D31: 26-01-2026 | E31: 4207 | G31: 2 | H31: 16 | I31: =G31*H31 -> 32 | J31: 6 | K31: 0 | L31: =I31+J31+K31 -> 38 | M31: VICTORIA D1
A32: VICTORIA | B32: 1 | C32: 28 | D32: 26-01-2026 | E32: 0288 | G32: 5 | H32: 1 | I32: =G32*H32 -> 5 | J32: 4 | K32: 0 | L32: =I32+J32+K32 -> 9 | M32: VICTORIA D1 ***
A33: VICTORIA | B33: 1 | C33: 28 | D33: 26-01-2026 | E33: 0291 | G33: 5 | H33: 18 | I33: =G33*H33 -> 90 | J33: 4 | K33: 0 | L33: =I33+J33+K33 -> 94 | M33: VICTORIA D1
A34: VICTORIA | B34: 1 | C34: 28 | D34: 26-01-2026 | E34: 0289 | G34: 7 | H34: 12 | I34: =G34*H34 -> 84 | J34: 0 | K34: 0 | L34: =I34+J34+K34 -> 84 | M34: VICTORIA D1
A35: VICTORIA | B35: 1 | C35: 28 | D35: 26-01-2026 | E35: 0292 | G35: 6 | H35: 12 | I35: =G35*H35 -> 72 | J35: 10 | K35: 0 | L35: =I35+J35+K35 -> 82 | M35: VICTORIA D1
A36: VICTORIA | B36: 1 | C36: 28 | D36: 26-01-2026 | E36: 0278 | G36: 0 | H36: 1 | I36: =G36*H36 -> 0 | J36: 4 | K36: 0 | L36: =I36+J36+K36 -> 4 | M36: VICTORIA D1
A37: VICTORIA | B37: 1 | C37: 28 | D37: 26-01-2026 | E37: 0290 | G37: 2 | H37: 6 | I37: =G37*H37 -> 12 | J37: 1 | K37: 0 | L37: =I37+J37+K37 -> 13 | M37: VICTORIA D1
A38: VICTORIA | B38: 1 | C38: 28 | D38: 26-01-2026 | E38: 0293 | G38: 13 | H38: 6 | I38: =G38*H38 -> 78 | J38: 3 | K38: 0 | L38: =I38+J38+K38 -> 81 | M38: VICTORIA D1
A39: VICTORIA | B39: 1 | C39: 28 | D39: 26-01-2026 | E39: 4200 | G39: 3 | H39: 1 | I39: =G39*H39 -> 3 | J39: 0 | K39: 0 | L39: =I39+J39+K39 -> 3 | M39: VICTORIA D1 ***
A40: VICTORIA | B40: 1 | C40: 28 | D40: 26-01-2026 | E40: 0285 | G40: 0 | H40: 1 | I40: =G40*H40 -> 0 | J40: 113 | K40: 0 | L40: =I40+J40+K40 -> 113 | M40: VICTORIA D1
A41: VICTORIA | B41: 1 | C41: 28 | D41: 26-01-2026 | E41: 0284 | G41: 0 | H41: 1 | I41: =G41*H41 -> 0 | J41: 1 | K41: 0 | L41: =I41+J41+K41 -> 1 | M41: VICTORIA D1
A42: VICTORIA | B42: 1 | C42: 28 | D42: 26-01-2026 | E42: 4201 | G42: 2 | H42: 1 | I42: =G42*H42 -> 2 | J42: 38 | K42: 0 | L42: =I42+J42+K42 -> 40 | M42: VICTORIA D1 ***
A43: VICTORIA | B43: 1 | C43: 28 | D43: 26-01-2026 | E43: 0201 | G43: 11 | H43: 1 | I43: =G43*H43 -> 11 | J43: 0 | K43: 0 | L43: =I43+J43+K43 -> 11 | M43: VICTORIA D1 ***
A44: VICTORIA | B44: 1 | C44: 1 | D44: 26-01-2026 | E44: 3319 | G44: 16 | H44: 1 | I44: =G44*H44 -> 16 | J44: 3 | K44: 0 | L44: =I44+J44+K44 -> 19 | M44: VICTORIA D1
A45: VICTORIA | B45: 1 | C45: 1 | D45: 26-01-2026 | E45: 0201 | G45: 0 | H45: 0 | I45: =G45*H45 -> 0 | J45: 0 | K45: 0 | L45: =I45+J45+K45 -> 0 | M45: VICTORIA D1 ***
A46: VICTORIA | B46: 1 | C46: 17 | D46: 23-01-2026 | E46: 4001 | G46: 32 | H46: 10 | I46: =G46*H46 -> 320 | J46: 0 | K46: 0 | L46: =I46+J46+K46 -> 320 | M46: VICTORIA D1
A47: VICTORIA | B47: 1 | C47: 17 | D47: 23-01-2026 | E47: 4000 | G47: 18 | H47: 10 | I47: =G47*H47 -> 180 | J47: 0 | K47: 0 | L47: =I47+J47+K47 -> 180 | M47: VICTORIA D1
A48: VICTORIA | B48: 1 | C48: 17 | D48: 23-01-2026 | E48: 4002 | G48: 17 | H48: 10 | I48: =G48*H48 -> 170 | J48: 0 | K48: 0 | L48: =I48+J48+K48 -> 170 | M48: VICTORIA D1
A49: VICTORIA | B49: 1 | C49: 17 | D49: 23-01-2026 | E49: 4250 | G49: 2 | H49: 4 | I49: =G49*H49 -> 8 | J49: 0 | K49: 0 | L49: =I49+J49+K49 -> 8 | M49: VICTORIA D1
A50: VICTORIA | B50: 1 | C50: 17 | D50: 23-01-2026 | E50: 4017 | G50: 8 | H50: 100 | I50: =G50*H50 -> 800 | J50: 0 | K50: 0 | L50: =I50+J50+K50 -> 800 | M50: VICTORIA D1
A51: VICTORIA | B51: 1 | C51: 17 | D51: 23-01-2026 | E51: 4018 | G51: 2 | H51: 100 | I51: =G51*H51 -> 200 | J51: 0 | K51: 0 | L51: =I51+J51+K51 -> 200 | M51: VICTORIA D1
A52: VICTORIA | B52: 1 | C52: 17 | D52: 23-01-2026 | E52: 4003 | G52: 5 | H52: 1 | I52: =G52*H52 -> 5 | J52: 0 | K52: 0 | L52: =I52+J52+K52 -> 5 | M52: VICTORIA D1
A53: VICTORIA | B53: 1 | C53: 17 | D53: 23-01-2026 | E53: 4019 | G53: 16 | H53: 1 | I53: =G53*H53 -> 16 | J53: 0 | K53: 0 | L53: =I53+J53+K53 -> 16 | M53: VICTORIA D1
A54: VICTORIA | B54: 1 | C54: 17 | D54: 23-01-2026 | E54: 4005 | G54: 11 | H54: 1 | I54: =G54*H54 -> 11 | J54: 0 | K54: 0 | L54: =I54+J54+K54 -> 11 | M54: VICTORIA D1
A55: VICTORIA | B55: 1 | C55: 17 | D55: 23-01-2026 | E55: 4058 | G55: 20 | H55: 1 | I55: =G55*H55 -> 20 | J55: 0 | K55: 0 | L55: =I55+J55+K55 -> 20 | M55: VICTORIA D1
A56: VICTORIA | B56: 1 | C56: 17 | D56: 23-01-2026 | E56: 3998 | G56: 5 | H56: 1 | I56: =G56*H56 -> 5 | J56: 0 | K56: 0 | L56: =I56+J56+K56 -> 5 | M56: VICTORIA D1
A57: VICTORIA | B57: 1 | C57: 17 | D57: 23-01-2026 | E57: 4013 | G57: 1 | H57: 1 | I57: =G57*H57 -> 1 | J57: 2 | K57: 0 | L57: =I57+J57+K57 -> 3 | M57: VICTORIA D1
... A73: VICTORIA | B73: 1 | C73: 20 | D73: 23-01-2026 | E73: 4033 | G73: 36 | H73: 10 | I73: =G73*H73 -> 360 | J73: 0 | K73: 0 | L73: =I73+J73+K73 -> 360 | M73: VICTORIA D1
A74: VICTORIA | B74: 1 | C74: 20 | D74: 23-01-2026 | E74: 4034 | G74: =38+38+3 -> 79 | H74: 2 | I74: =G74*H74 -> 158 | J74: 0 | K74: 0 | L74: =I74+J74+K74 -> 158 | M74: VICTORIA D1
A75: VICTORIA | B75: 1 | C75: 20 | D75: 23-01-2026 | E75: 4011 | G75: 2 | H75: 100 | I75: =G75*H75 -> 200 | J75: 0 | K75: 0 | L75: =I75+J75+K75 -> 200 | M75: VICTORIA D1
A76: VICTORIA | B76: 1 | C76: 20 | D76: 23-01-2026 | E76: 4007 | G76: 4 | H76: 1 | I76: =G76*H76 -> 4 | J76: 0 | K76: 0 | L76: =I76+J76+K76 -> 4 | M76: VICTORIA D1 ***
A77: VICTORIA | B77: 1 | C77: 20 | D77: 23-01-2026 | E77: 4007 | G77: 13 | H77: 1 | I77: =G77*H77 -> 13 | J77: 0 | K77: 0 | L77: =I77+J77+K77 -> 13 | M77: VICTORIA D1 ***

Sheet D2 (V) forloading
A1: counter_name | B1: deposit_id | C1: rack_id | D1: count_date | E1: codeitem | F1: Referencia | G1: boxqty | H1: boxunitqty | I1: boxunittotal | J1: magazijn | K1: winkel | L1: total | M1: remarks
A2: VICTORIA | B2: 2 | C2: 1 | D2: 27-01-26 | E2: 1611 | G2: 0 | H2: 1 | I2: =G2*H2 -> 0 | J2: 22 | K2: 0 | L2: =I2+J2+K2 -> 22 | M2: VICTORIA D2
A3: VICTORIA | B3: 2 | C3: 1 | D3: 27-01-26 | E3: 1612 | G3: 0 | H3: 1 | I3: =G3*H3 -> 0 | J3: 2 | K3: 0 | L3: =I3+J3+K3 -> 2 | M3: VICTORIA D2
A4: VICTORIA | B4: 2 | C4: 1 | D4: 27-01-26 | E4: 1506 | G4: 0 | H4: 1 | I4: =G4*H4 -> 0 | J4: 1 | K4: 0 | L4: =I4+J4+K4 -> 1 | M4: VICTORIA D2
A5: VICTORIA | B5: 2 | C5: 1 | D5: 27-01-26 | E5: 1511 | G5: 0 | H5: 1 | I5: =G5*H5 -> 0 | J5: 8 | K5: 0 | L5: =I5+J5+K5 -> 8 | M5: VICTORIA D2
A6: VICTORIA | B6: 2 | C6: 1 | D6: 27-01-26 | E6: 7196 | G6: 0 | H6: 1 | I6: =G6*H6 -> 0 | J6: 4 | K6: 0 | L6: =I6+J6+K6 -> 4 | M6: VICTORIA D2
A7: VICTORIA | B7: 2 | C7: 1 | D7: 27-01-26 | E7: 7195 | G7: 0 | H7: 1 | I7: =G7*H7 -> 0 | J7: 7 | K7: 0 | L7: =I7+J7+K7 -> 7 | M7: VICTORIA D2
A8: VICTORIA | B8: 2 | C8: 1 | D8: 27-01-26 | E8: 7193 | G8: 0 | H8: 1 | I8: =G8*H8 -> 0 | J8: 8 | K8: 0 | L8: =I8+J8+K8 -> 8 | M8: VICTORIA D2
A9: VICTORIA | B9: 2 | C9: 2 | D9: 27-01-26 | E9: 7144 | G9: 0 | H9: 1 | I9: =G9*H9 -> 0 | J9: 8 | K9: 0 | L9: =I9+J9+K9 -> 8 | M9: VICTORIA D2
A10: VICTORIA | B10: 2 | C10: 2 | D10: 27-01-26 | E10: 7148 | G10: 0 | H10: 1 | I10: =G10*H10 -> 0 | J10: 6 | K10: 0 | L10: =I10+J10+K10 -> 6 | M10: VICTORIA D2
A11: VICTORIA | B11: 2 | C11: 2 | D11: 27-01-26 | E11: 7168 | G11: 0 | H11: 1 | I11: =G11*H11 -> 0 | J11: 2 | K11: 0 | L11: =I11+J11+K11 -> 2 | M11: VICTORIA D2
A12: VICTORIA | B12: 2 | C12: 2 | D12: 27-01-26 | E12: 7194 | G12: 0 | H12: 1 | I12: =G12*H12 -> 0 | J12: 12 | K12: 0 | L12: =I12+J12+K12 -> 12 | M12: VICTORIA D2
A13: VICTORIA | B13: 2 | C13: 3 | D13: 27-01-26 | E13: 1507 | G13: 0 | H13: 1 | I13: =G13*H13 -> 0 | J13: 2 | K13: 0 | L13: =I13+J13+K13 -> 2 | M13: VICTORIA D2
... A27: VICTORIA | B27: 2 | C27: 6 | D27: 27-01-26 | E27: 1666 | G27: 0 | H27: 1 | I27: =G27*H27 -> 0 | J27: 5 | K27: 0 | L27: =I27+J27+K27 -> 5 | M27: VICTORIA D2
A28: VICTORIA | B28: 2 | C28: 6 | D28: 27-01-26 | E28: 7186 | G28: 0 | H28: 1 | I28: =G28*H28 -> 0 | K28: 0 | L28: =I28+J28+K28 -> 0 | M28: VICTORIA D2 ***
A29: VICTORIA | B29: 2 | C29: 6 | D29: 27-01-26 | E29: 7195 | G29: 0 | H29: 1 | I29: =G29*H29 -> 0 | J29: 11 | K29: 0 | L29: =I29+J29+K29 -> 11 | M29: VICTORIA D2
A30: VICTORIA | B30: 2 | C30: 6 | D30: 27-01-26 | E30: 1657 | G30: 0 | H30: 1 | I30: =G30*H30 -> 0 | J30: 1 | K30: 0 | L30: =I30+J30+K30 -> 1 | M30: VICTORIA D2
A31: VICTORIA | B31: 2 | C31: 37 | D31: 27-01-26 | E31: 7167 | G31: 0 | H31: 1 | I31: =G31*H31 -> 0 | J31: 44 | K31: 0 | L31: =I31+J31+K31 -> 44 | M31: VICTORIA D2
A32: VICTORIA | B32: 2 | C32: 37 | D32: 27-01-26 | E32: 7153 | G32: 0 | H32: 1 | I32: =G32*H32 -> 0 | J32: 13 | K32: 0 | L32: =I32+J32+K32 -> 13 | M32: VICTORIA D2
A33: VICTORIA | B33: 2 | C33: 37 | D33: 27-01-26 | E33: 7169 | G33: 0 | H33: 1 | I33: =G33*H33 -> 0 | J33: 1 | K33: 0 | L33: =I33+J33+K33 -> 1 | M33: VICTORIA D2
A34: VICTORIA | B34: 2 | C34: 38 | D34: 27-01-26 | E34: 1664 | G34: 0 | H34: 1 | I34: =G34*H34 -> 0 | J34: 2 | K34: 0 | L34: =I34+J34+K34 -> 2 | M34: VICTORIA D2
A35: VICTORIA | B35: 2 | C35: 38 | D35: 27-01-26 | E35: 7146 | G35: 0 | H35: 1 | I35: =G35*H35 -> 0 | J35: 10 | K35: 0 | L35: =I35+J35+K35 -> 10 | M35: VICTORIA D2
A36: VICTORIA | B36: 2 | C36: 38 | D36: 27-01-26 | E36: 7152 | G36: 0 | H36: 1 | I36: =G36*H36 -> 0 | J36: 15 | K36: 0 | L36: =I36+J36+K36 -> 15 | M36: VICTORIA D2
A37: VICTORIA | B37: 2 | C37: 39 | D37: 27-01-26 | E37: 1661 | G37: 0 | H37: 1 | I37: =G37*H37 -> 0 | J37: 2 | K37: 0 | L37: =I37+J37+K37 -> 2 | M37: VICTORIA D2
A38: VICTORIA | B38: 2 | C38: 39 | D38: 27-01-26 | E38: 1657 | G38: 0 | H38: 1 | I38: =G38*H38 -> 0 | J38: 1 | K38: 0 | L38: =I38+J38+K38 -> 1 | M38: VICTORIA D2
A39: VICTORIA | B39: 2 | C39: 39 | D39: 27-01-26 | E39: 7145 | G39: 0 | H39: 1 | I39: =G39*H39 -> 0 | J39: 9 | K39: 0 | L39: =I39+J39+K39 -> 9 | M39: VICTORIA D2
A40: VICTORIA | B40: 2 | C40: 39 | D40: 27-01-26 | E40: 7141 | G40: 0 | H40: 1 | I40: =G40*H40 -> 0 | J40: 6 | K40: 0 | L40: =I40+J40+K40 -> 6 | M40: VICTORIA D2
... A52: VICTORIA | B52: 2 | C52: 42 | D52: 28-01-26 | E52: 3498 | G52: 1 | H52: 100 | I52: =G52*H52 -> 100 | J52: 80 | K52: 0 | L52: =I52+J52+K52 -> 180 | M52: VICTORIA D2
A53: VICTORIA | B53: 2 | C53: 42 | D53: 28-01-26 | E53: 3504 | G53: 60 | H53: 1 | I53: =G53*H53 -> 60 | J53: 7 | K53: 0 | L53: =I53+J53+K53 -> 67 | M53: VICTORIA D2 *** | N53: 60 | O53: 7
A54: VICTORIA | B54: 2 | C54: 42 | D54: 28-01-26 | E54: 3487 | G54: 2 | H54: 50 | I54: =G54*H54 -> 100 | J54: 47 | K54: 0 | L54: =I54+J54+K54 -> 147 | M54: VICTORIA D2
A55: VICTORIA | B55: 2 | C55: 42 | D55: 28-01-26 | E55: 3505 | G55: 3 | H55: 20 | I55: =G55*H55 -> 60 | J55: 0 | K55: 0 | L55: =I55+J55+K55 -> 60 | M55: VICTORIA D2
A56: VICTORIA | B56: 2 | C56: 42 | D56: 28-01-26 | E56: 3508 | G56: 3 | H56: 20 | I56: =G56*H56 -> 60 | J56: 0 | K56: 0 | L56: =I56+J56+K56 -> 60 | M56: VICTORIA D2
A57: VICTORIA | B57: 2 | C57: 42 | D57: 28-01-26 | E57: 3493 | G57: 1 | H57: 20 | I57: =G57*H57 -> 20 | J57: 17 | K57: 0 | L57: =I57+J57+K57 -> 37 | M57: VICTORIA D2
A58: VICTORIA | B58: 2 | C58: 42 | D58: 28-01-26 | E58: 3504 | G58: 1 | H58: 20 | I58: =G58*H58 -> 20 | J58: 0 | K58: 0 | L58: =I58+J58+K58 -> 20 | M58: VICTORIA D2
A59: VICTORIA | B59: 2 | C59: 42 | D59: 28-01-26 | E59: 3502 | G59: 1 | H59: 50 | I59: =G59*H59 -> 50 | J59: 0 | K59: 0 | L59: =I59+J59+K59 -> 50 | M59: VICTORIA D2
A60: VICTORIA | B60: 2 | C60: 42 | D60: 28-01-26 | E60: 3503 | G60: 0 | H60: 1 | I60: =G60*H60 -> 0 | J60: 43 | K60: 0 | L60: =I60+J60+K60 -> 43 | M60: VICTORIA D2
A61: VICTORIA | B61: 2 | C61: 42 | D61: 28-01-26 | E61: 3506 | G61: 2 | H61: 50 | I61: =G61*H61 -> 100 | J61: 0 | K61: 0 | L61: =I61+J61+K61 -> 100 | M61: VICTORIA D2
A62: VICTORIA | B62: 2 | C62: 42 | D62: 28-01-26 | E62: 3507 | G62: 1 | H62: 50 | I62: =G62*H62 -> 50 | J62: 0 | K62: 0 | L62: =I62+J62+K62 -> 50 | M62: VICTORIA D2
A63: VICTORIA | B63: 2 | C63: 42 | D63: 28-01-26 | E63: 3501 | G63: 1 | H63: 50 | I63: =G63*H63 -> 50 | J63: 0 | K63: 0 | L63: =I63+J63+K63 -> 50 | M63: VICTORIA D2
A64: VICTORIA | B64: 2 | C64: 42 | D64: 28-01-26 | E64: 3495 | G64: 0 | H64: 1 | I64: =G64*H64 -> 0 | J64: 47 | K64: 0 | L64: =I64+J64+K64 -> 47 | M64: VICTORIA D2
A65: VICTORIA | B65: 2 | C65: 42 | D65: 28-01-26 | E65: 3496 | G65: 1 | H65: 75 | I65: =G65*H65 -> 75 | J65: 0 | K65: 0 | L65: =I65+J65+K65 -> 75 | M65: VICTORIA D2
... A69: VICTORIA | B69: 2 | C69: 42 | D69: 28-01-26 | E69: 3492 | G69: 0 | H69: 1 | I69: =G69*H69 -> 0 | J69: 12 | K69: 0 | L69: =I69+J69+K69 -> 12 | M69: VICTORIA D2
A70: VICTORIA | B70: 2 | C70: 42 | D70: 28-01-26 | E70: 0511 | G70: 0 | H70: 1 | I70: =G70*H70 -> 0 | J70: 23 | K70: 0 | L70: =I70+J70+K70 -> 23 | M70: VICTORIA D2
A71: VICTORIA | B71: 2 | C71: 25 | D71: 28-01-2026 | E71: 7043 | G71: 0 | H71: 1 | I71: =G71*H71 -> 0 | J71: 95 | K71: 0 | L71: =I71+J71+K71 -> 95 | M71: VICTORIA D2
A72: VICTORIA | B72: 2 | C72: 25 | D72: 28-01-2026 | E72: 7018 | G72: 12 | H72: 6 | I72: =G72*H72 -> 72 | J72: 1 | K72: 0 | L72: =I72+J72+K72 -> 73 | M72: VICTORIA D2 *** | N72: 10x6 y 2x6
A73: VICTORIA | B73: 2 | C73: 25 | D73: 28-01-2026 | E73: 1959 | G73: 0 | H73: 1 | I73: =G73*H73 -> 0 | J73: 8 | K73: 0 | L73: =I73+J73+K73 -> 8 | M73: VICTORIA D2
A74: VICTORIA | B74: 2 | C74: 25 | D74: 28-01-2026 | E74: 1968 | G74: 0 | H74: 1 | I74: =G74*H74 -> 0 | J74: 7 | K74: 0 | L74: =I74+J74+K74 -> 7 | M74: VICTORIA D2
A75: VICTORIA | B75: 2 | C75: 25 | D75: 28-01-2026 | E75: 1969 | G75: 0 | H75: 1 | I75: =G75*H75 -> 0 | J75: 2 | K75: 0 | L75: =I75+J75+K75 -> 2 | M75: VICTORIA D2
A76: VICTORIA | B76: 2 | C76: 25 | D76: 28-01-2026 | E76: 1970 | G76: 0 | H76: 1 | I76: =G76*H76 -> 0 | J76: 5 | K76: 0 | L76: =I76+J76+K76 -> 5 | M76: VICTORIA D2
A77: VICTORIA | B77: 2 | C77: 25 | D77: 28-01-2026 | E77: 1971 | G77: 0 | H77: 1 | I77: =G77*H77 -> 0 | J77: 3 | K77: 0 | L77: =I77+J77+K77 -> 3 | M77: VICTORIA D2
A78: VICTORIA | B78: 2 | C78: 25 | D78: 28-01-2026 | E78: 1972 | G78: 0 | H78: 1 | I78: =G78*H78 -> 0 | J78: 3 | K78: 0 | L78: =I78+J78+K78 -> 3 | M78: VICTORIA D2
A79: VICTORIA | B79: 2 | C79: 26 | D79: 28-01-2026 | E79: 7000 | G79: 46 | H79: 3 | I79: =G79*H79 -> 138 | J79: 0 | K79: 0 | L79: =I79+J79+K79 -> 138 | M79: VICTORIA D2 *** | N79: 40x3 y 6x3
A80: VICTORIA | B80: 2 | C80: 26 | D80: 28-01-2026 | E80: 7001 | G80: 25 | H80: 3 | I80: =G80*H80 -> 75 | J80: 2 | K80: 0 | L80: =I80+J80+K80 -> 77 | M80: VICTORIA D2 *** | N80: 20x3 y 5x3
A81: VICTORIA | B81: 2 | C81: 26 | D81: 28-01-2026 | E81: 7004 | G81: 7 | H81: 3 | I81: =G81*H81 -> 21 | J81: 1 | K81: 0 | L81: =I81+J81+K81 -> 22 | M81: VICTORIA D2
A82: VICTORIA | B82: 2 | C82: 26 | D82: 28-01-2026 | E82: 7063 | G82: 9 | H82: 12 | I82: =G82*H82 -> 108 | J82: 3 | K82: 0 | L82: =I82+J82+K82 -> 111 | M82: VICTORIA D2
A83: VICTORIA | B83: 2 | C83: 26 | D83: 28-01-2026 | E83: 7062 | G83: 6 | H83: 12 | I83: =G83*H83 -> 72 | J83: 7 | K83: 0 | L83: =I83+J83+K83 -> 79 | M83: VICTORIA D2
A84: VICTORIA | B84: 2 | C84: 26 | D84: 28-01-2026 | E84: 7022 | G84: 6 | H84: 3 | I84: =G84*H84 -> 18 | J84: 1 | K84: 0 | L84: =I84+J84+K84 -> 19 | M84: VICTORIA D2
A85: VICTORIA | B85: 2 | C85: 26 | D85: 28-01-2026 | E85: 7003 | G85: 1 | H85: 3 | I85: =G85*H85 -> 3 | J85: 1 | K85: 0 | L85: =I85+J85+K85 -> 4 | M85: VICTORIA D2
A86: VICTORIA | B86: 2 | C86: 26 | D86: 29-01-2026 | E86: 7023 | G86: 3 | H86: 4 | I86: =G86*H86 -> 12 | J86: 3 | K86: 0 | L86: =I86+J86+K86 -> 15 | M86: VICTORIA D2
A87: VICTORIA | B87: 2 | C87: 26 | D87: 29-01-2026 | E87: 7024 | G87: 6 | H87: 4 | I87: =G87*H87 -> 24 | J87: 1 | K87: 0 | L87: =I87+J87+K87 -> 25 | M87: VICTORIA D2
A88: VICTORIA | B88: 2 | C88: 26 | D88: 29-01-2026 | E88: 7025 | G88: 4 | H88: 4 | I88: =G88*H88 -> 16 | J88: 0 | K88: 0 | L88: =I88+J88+K88 -> 16 | M88: VICTORIA D2
A89: VICTORIA | B89: 2 | C89: 26 | D89: 29-01-2026 | E89: 7026 | G89: 7 | H89: 4 | I89: =G89*H89 -> 28 | J89: 3 | K89: 0 | L89: =I89+J89+K89 -> 31 | M89: VICTORIA D2
A90: VICTORIA | B90: 2 | C90: 26 | D90: 29-01-2026 | E90: 7027 | G90: 5 | H90: 4 | I90: =G90*H90 -> 20 | J90: 0 | K90: 0 | L90: =I90+J90+K90 -> 20 | M90: VICTORIA D2 ***
A91: VICTORIA | B91: 2 | C91: 26 | D91: 29-01-2026 | E91: 7027 | G91: 10 | H91: 4 | I91: =G91*H91 -> 40 | J91: 0 | K91: 0 | L91: =I91+J91+K91 -> 40 | M91: VICTORIA D2 ***
A92: VICTORIA | B92: 2 | C92: 26 | D92: 29-01-2026 | E92: 7028 | G92: 37 | H92: 4 | I92: =G92*H92 -> 148 | J92: 0 | K92: 0 | L92: =I92+J92+K92 -> 148 | M92: VICTORIA D2 *** | N92: 30X4 | O92: 7X4
A93: VICTORIA | B93: 2 | C93: 26 | D93: 29-01-2026 | E93: 7009 | G93: 2 | H93: 12 | J93: 7 | K93: 0 | L93: =I93+J93+K93 -> 7 | M93: VICTORIA D2
A94: VICTORIA | B94: 2 | C94: 26 | D94: 29-01-2026 | E94: 7007 | G94: 0 | H94: 1 | I94: =G94*H94 -> 0 | J94: 16 | K94: 0 | L94: =I94+J94+K94 -> 16 | M94: VICTORIA D2
A95: VICTORIA | B95: 2 | C95: 26 | D95: 29-01-2026 | E95: 7008 | G95: 0 | H95: 1 | I95: =G95*H95 -> 0 | J95: 45 | K95: 0 | L95: =I95+J95+K95 -> 45 | M95: VICTORIA D2
A96: VICTORIA | B96: 2 | C96: 28 | D96: 28-01-2026 | E96: 7154 | G96: 0 | H96: 1 | I96: =G96*H96 -> 0 | J96: 40 | K96: 0 | L96: =I96+J96+K96 -> 40 | M96: VICTORIA D2
A97: VICTORIA | B97: 2 | C97: 28 | D97: 28-01-2026 | E97: 7155 | G97: 0 | H97: 1 | I97: =G97*H97 -> 0 | J97: 15 | K97: 0 | L97: =I97+J97+K97 -> 15 | M97: VICTORIA D2
A98: VICTORIA | B98: 2 | C98: 28 | D98: 28-01-2026 | E98: 7156 | G98: 0 | H98: 1 | I98: =G98*H98 -> 0 | J98: 8 | K98: 0 | L98: =I98+J98+K98 -> 8 | M98: VICTORIA D2
A99: VICTORIA | B99: 2 | C99: 29 | D99: 28-01-26 | E99: 7010 | G99: 0 | H99: 1 | I99: =G99*H99 -> 0 | J99: =120+120+84 -> 324 | K99: 0 | L99: =I99+J99+K99 -> 324 | M99: VICTORIA D2
A100: VICTORIA | B100: 2 | C100: 29 | D100: 28-01-26 | E100: 7013 | G100: 0 | H100: 1 | I100: =G100*H100 -> 0 | J100: =120+60+5 -> 185 | K100: 0 | L100: =I100+J100+K100 -> 185 | M100: VICTORIA D2
A101: VICTORIA | B101: 2 | C101: 29 | D101: 28-01-26 | E101: 7011 | G101: 0 | H101: 1 | I101: =G101*H101 -> 0 | J101: =9*12 -> 108 | K101: 0 | L101: =I101+J101+K101 -> 108 | M101: VICTORIA D2
A102: VICTORIA | B102: 2 | C102: 29 | D102: 28-01-26 | E102: 7014 | G102: 0 | H102: 1 | I102: =G102*H102 -> 0 | J102: =4*12+1 -> 49 | K102: 0 | L102: =I102+J102+K102 -> 49 | M102: VICTORIA D2
A103: VICTORIA | B103: 2 | C103: 29 | D103: 28-01-26 | E103: 7015 | G103: 0 | H103: 1 | I103: =G103*H103 -> 0 | J103: =4*12+2 -> 50 | K103: 0 | L103: =I103+J103+K103 -> 50 | M103: VICTORIA D2
A104: VICTORIA | B104: 2 | C104: 29 | D104: 28-01-26 | E104: 7016 | G104: 0 | H104: 1 | I104: =G104*H104 -> 0 | J104: =(10*12)+7 -> 127 | K104: 0 | L104: =I104+J104+K104 -> 127 | M104: VICTORIA D2
A105: VICTORIA | B105: 2 | C105: 29 | D105: 28-01-26 | E105: 7017 | G105: 0 | H105: 1 | I105: =G105*H105 -> 0 | J105: =5*120 -> 600 | K105: 0 | L105: =I105+J105+K105 -> 600 | M105: VICTORIA D2
A106: VICTORIA | B106: 2 | C106: 29 | D106: 28-01-26 | E106: 7019 | G106: 0 | H106: 1 | I106: =G106*H106 -> 0 | J106: =(8*120)+(6*12) -> 1032 | K106: 0 | L106: =I106+J106+K106 -> 1032 | M106: VICTORIA D2
A107: VICTORIA | B107: 2 | C107: 29 | D107: 28-01-26 | E107: 7020 | G107: 0 | H107: 1 | I107: =G107*H107 -> 0 | J107: =6+5 -> 11 | K107: 0 | L107: =I107+J107+K107 -> 11 | M107: VICTORIA D2
A108: VICTORIA | B108: 2 | C108: 29 | D108: 28-01-26 | E108: 7021 | G108: 0 | H108: 1 | I108: =G108*H108 -> 0 | J108: =60+3 -> 63 | K108: 0 | L108: =I108+J108+K108 -> 63 | M108: VICTORIA D2
A109: VICTORIA | B109: 2 | C109: 30 | D109: 28-01-26 | E109: 7007 | G109: 0 | H109: 1 | I109: =G109*H109 -> 0 | J109: 5 | K109: 0 | L109: =I109+J109+K109 -> 5 | M109: VICTORIA D2
A110: VICTORIA | B110: 2 | C110: 30 | D110: 28-01-26 | E110: 7182 | G110: 0 | H110: 1 | I110: =G110*H110 -> 0 | J110: 15 | K110: 0 | L110: =I110+J110+K110 -> 15 | M110: VICTORIA D2
A111: VICTORIA | B111: 2 | C111: 30 | D111: 28-01-26 | E111: 7183 | G111: 0 | H111: 1 | I111: =G111*H111 -> 0 | J111: 16 | K111: 0 | L111: =I111+J111+K111 -> 16 | M111: VICTORIA D2
A112: VICTORIA | B112: 2 | C112: 30 | D112: 28-01-26 | E112: 7005 | G112: 7 | H112: 50 | I112: =G112*H112 -> 350 | J112: 38 | K112: 0 | L112: =I112+J112+K112 -> 388 | M112: VICTORIA D2
A113: VICTORIA | B113: 2 | C113: 30 | D113: 28-01-26 | E113: 7030 | G113: 2 | H113: 30 | I113: =G113*H113 -> 60 | J113: 5 | K113: 0 | L113: =I113+J113+K113 -> 65 | M113: VICTORIA D2
A114: VICTORIA | B114: 2 | C114: 30 | D114: 28-01-26 | E114: 7032 | G114: 1 | H114: 30 | I114: =G114*H114 -> 30 | J114: 7 | K114: 0 | L114: =I114+J114+K114 -> 37 | M114: VICTORIA D2
A115: VICTORIA | B115: 2 | C115: 30 | D115: 28-01-26 | E115: 7033 | G115: 1 | H115: 30 | I115: =G115*H115 -> 30 | J115: 2 | K115: 0 | L115: =I115+J115+K115 -> 32 | M115: VICTORIA D2
A116: VICTORIA | B116: 2 | C116: 30 | D116: 28-01-26 | E116: 7034 | G116: 2 | H116: 30 | I116: =G116*H116 -> 60 | J116: 4 | K116: 0 | L116: =I116+J116+K116 -> 64 | M116: VICTORIA D2
A117: VICTORIA | B117: 2 | C117: 30 | D117: 28-01-26 | E117: 7035 | G117: 2 | H117: 30 | I117: =G117*H117 -> 60 | J117: 5 | K117: 0 | L117: =I117+J117+K117 -> 65 | M117: VICTORIA D2
A118: VICTORIA | B118: 2 | C118: 16 | D118: 29-01-2026 | E118: 1940 | G118: 0 | H118: 1 | I118: =G118*H118 -> 0 | J118: 4 | K118: 0 | L118: =I118+J118+K118 -> 4 | M118: VICTORIA D2
A119: VICTORIA | B119: 2 | C119: 16 | D119: 29-01-2026 | E119: 1939 | G119: 0 | H119: 1 | I119: =G119*H119 -> 0 | J119: 4 | K119: 0 | L119: =I119+J119+K119 -> 4 | M119: VICTORIA D2
A120: VICTORIA | B120: 2 | C120: 16 | D120: 29-01-2026 | E120: 1938 | G120: 0 | H120: 1 | I120: =G120*H120 -> 0 | J120: 7 | K120: 0 | L120: =I120+J120+K120 -> 7 | M120: VICTORIA D2
... A132: VICTORIA | B132: 2 | C132: 16 | D132: 29-01-2026 | E132: 1960 | G132: 0 | H132: 1 | I132: =G132*H132 -> 0 | J132: 2 | K132: 0 | L132: =I132+J132+K132 -> 2 | M132: VICTORIA D2

Sheet D3 (V) forloading
A1: counter_name | B1: deposit_id | C1: rack_id | D1: count_date | E1: codeitem | F1: Referencia | G1: boxqty | H1: boxunitqty | I1: boxunittotal | J1: magazijn | K1: winkel | L1: total | M1: remarks
A2: VICTORIA | B2: 3 | C2: 26 | D2: 30-01-2026 | E2: 15144 | G2: 0 | H2: 1 | I2: =G2*H2 -> 0 | J2: 21 | K2: 0 | L2: =I2+J2+K2 -> 21 | M2: VICTORIA D3
A3: VICTORIA | B3: 3 | C3: 26 | D3: 30-01-2026 | E3: 15145 | G3: 0 | H3: 1 | I3: =G3*H3 -> 0 | J3: 12 | K3: 0 | L3: =I3+J3+K3 -> 12 | M3: VICTORIA D3
A4: VICTORIA | B4: 3 | C4: 26 | D4: 30-01-2026 | E4: 7052 | G4: 0 | H4: 1 | I4: =G4*H4 -> 0 | J4: 2 | K4: 0 | L4: =I4+J4+K4 -> 2 | M4: VICTORIA D3
A5: VICTORIA | B5: 3 | C5: 26 | D5: 30-01-2026 | E5: 7051 | G5: 0 | H5: 1 | I5: =G5*H5 -> 0 | J5: 37 | K5: 0 | L5: =I5+J5+K5 -> 37 | M5: VICTORIA D3
A6: VICTORIA | B6: 3 | C6: 21 | D6: 30-01-2026 | E6: 0615 | G6: 0 | H6: 1 | I6: =G6*H6 -> 0 | J6: 1325 | K6: 0 | L6: =I6+J6+K6 -> 1325 | M6: VICTORIA D3
A7: VICTORIA | B7: 3 | C7: 21 | D7: 30-01-2026 | E7: 0614 | G7: 0 | H7: 1 | I7: =G7*H7 -> 0 | J7: 950 | K7: 0 | L7: =I7+J7+K7 -> 950 | M7: VICTORIA D3
A8: VICTORIA | B8: 3 | C8: 21 | D8: 30-01-2026 | E8: 0613 | G8: 0 | H8: 1 | I8: =G8*H8 -> 0 | J8: 875 | K8: 0 | L8: =I8+J8+K8 -> 875 | M8: VICTORIA D3
A9: VICTORIA | B9: 3 | C9: 21 | D9: 30-01-2026 | E9: 0612 | G9: 0 | H9: 1 | I9: =G9*H9 -> 0 | J9: 477 | K9: 0 | L9: =I9+J9+K9 -> 477 | M9: VICTORIA D3
A10: VICTORIA | B10: 3 | C10: 21 | D10: 30-01-2026 | E10: 0611 | G10: 0 | H10: 1 | I10: =G10*H10 -> 0 | J10: 1300 | K10: 0 | L10: =I10+J10+K10 -> 1300 | M10: VICTORIA D3
A11: VICTORIA | B11: 3 | C11: 21 | D11: 30-01-2026 | E11: 0610 | G11: 0 | H11: 1 | I11: =G11*H11 -> 0 | J11: 500 | K11: 0 | L11: =I11+J11+K11 -> 500 | M11: VICTORIA D3
A12: VICTORIA | B12: 3 | C12: 31 | D12: 30-01-2026 | E12: 0577 | G12: 0 | H12: 1 | I12: =G12*H12 -> 0 | J12: 220 | K12: 0 | L12: =I12+J12+K12 -> 220 | M12: VICTORIA D3
A13: VICTORIA | B13: 3 | C13: 31 | D13: 30-01-2026 | E13: 0575 | G13: 0 | H13: 1 | I13: =G13*H13 -> 0 | J13: 100 | K13: 0 | L13: =I13+J13+K13 -> 100 | M13: VICTORIA D3
A14: VICTORIA | B14: 3 | C14: 31 | D14: 30-01-2026 | E14: 0576 | G14: 0 | H14: 1 | I14: =G14*H14 -> 0 | J14: 80 | K14: 0 | L14: =I14+J14+K14 -> 80 | M14: VICTORIA D3
A15: VICTORIA | B15: 3 | C15: 31 | D15: 30-01-2026 | E15: 7176 | G15: 0 | H15: 1 | I15: =G15*H15 -> 0 | J15: 60 | K15: 0 | L15: =I15+J15+K15 -> 60 | M15: VICTORIA D3
A16: VICTORIA | B16: 3 | C16: 31 | D16: 30-01-2026 | E16: 0569 | G16: 0 | H16: 1 | I16: =G16*H16 -> 0 | J16: 160 | K16: 0 | L16: =I16+J16+K16 -> 160 | M16: VICTORIA D3
A17: VICTORIA | B17: 3 | C17: 31 | D17: 30-01-2026 | E17: 0570 | G17: 0 | H17: 1 | I17: =G17*H17 -> 0 | J17: 160 | K17: 0 | L17: =I17+J17+K17 -> 160 | M17: VICTORIA D3
